pizza_duration,pasta_duration
3.26805371,4.386737456
6.435498215,5.946096395
6.327477947,3.944281319
4.821402341,4.59855903
2.153074809,3.086487779
4.941264559,5.049471541
5.365703512,2.1511748
5.088735119,5.357301666
3.714986097,2.918683601
3.039681666,5.560051138
3.275081982,3.606412252
3.723860041,3.311912226
4.098582778,2.579089792
2.920141233,3.161595882
5.5097821830000004,4.264157696
5.119247471,4.578465103
5.682140574,3.227865189
5.441612652,4.372038605
4.28088589,6.039067313
1.689620027,3.426269576
4.968106933,5.999731795
5.9823475759999996,4.983116544
3.181721823,3.993078752
3.470938341,4.173478371
3.815766892,3.754379647
4.011747525,4.421885302
3.237112221,4.298387289
2.334911302,6.570206351
5.81291034,5.554088183
3.538805713,3.957966084
6.008365281,1.668310313
5.40869565,5.172563892
3.920111433,4.13617104
3.506251863,3.695486368
5.056640796,4.402222992
3.184644972,2.955461431
2.127088919,3.414814965
5.417986005,2.193861503
3.997490358,4.440967189
4.581419142,4.598509158
3.613240751,2.009405232
4.701825228,3.228339676
2.625542797,3.006884104
4.555934942,4.9937462
5.160380657,4.453825184
3.908167104,7.333442324
5.078548095,2.575517862
3.963720929,7.073504769
4.149878451,4.083645758
5.282146742,5.643304805
4.2093795,4.523584274
3.112542362,3.546490684
2.280518706,6.783354
6.694750027,7.052978136
4.403096221,2.799643624
8.12777915,3.971210011
4.921535447,3.62597086
3.156520894,3.230127091
3.987329557,6.459112771
2.477601508,5.761274281
4.388278875,3.830227689
3.989436093,5.40220255
4.280540977,6.754177307
3.318007853,7.934593112
6.293127301,5.325160689
5.42424964,3.765820626
3.839376931,3.333450398
5.119323135,2.573365072
4.688631184,3.203746575
5.94109118,4.743432698
3.716716657,3.469355782
5.208632054,9.687044103
6.377981334,7.004227946
2.943955496,5.147212281
6.119181666,4.125999804
5.300104913,3.186257691
6.930684719,4.164104024
5.059697133,2.286885768
2.450738983,4.327768248
4.522393596,5.506326431
5.820790498,6.648660204
5.441130837,3.906799873
3.068641717,4.2835113
2.8959904930000002,6.339165081
2.624307809,1.340367641
7.289300882,8.449984927
5.328445367,2.243253541
5.666510592,6.833620904
4.771685851,3.903311277
7.119032231,3.526890145
3.255557904,6.873055596
4.205374955,6.3974471490000004
4.208573905,4.21066229
2.002435337,5.167164907
3.590458722,4.526517634
4.692936284,4.519051499
4.953477627,4.205419606
4.379354195,5.357044282
3.987890292,3.74542943
6.460556457,3.869397377
3.846589538,3.260314162
2.644414861,6.338610565
5.321494654,3.353632861
4.055493618,6.24373848
2.501984639,6.887017261
3.687909493,4.416511007
3.474343783,1.759457177
5.014546845,4.276703206
2.176714832,2.071410876
2.839296615,3.814559871
3.721327549,6.456508092
2.948406701,4.580589437
4.080550593,7.150091513
4.271555566,3.770069405
3.688653156,4.791953431
3.491269346,3.193057242
3.080386347,2.977445253
7.947226133,6.049575104
4.193175288,4.711464904
7.060303525,4.138262778
4.02110271,5.81860209
2.872647466,3.995645025
3.791815031,5.497916437
5.827058929,5.395676859
3.275046756,2.876392514
3.615859432,3.207002912
4.838534951,5.720270854
3.811486726,3.297628259
7.115258383,1.735261309
5.437175857,5.160031882
5.32248201,5.581953378
3.381631547,4.759505666
2.281198326,4.505576751
2.77409575,5.688269174
8.41797235,5.285222183
4.329194585,4.453168489
4.890974861,4.308790183
4.05010896,6.614677402
5.127807673,10.34159332
2.170977432,4.110016362
7.9221961,3.817669988
5.876396598,4.16976687
6.207085589,4.08474869
2.503845152,4.095826274
3.31433708,4.984674735
2.233319983,6.354340215
4.030178488,5.796505399
6.692884189,3.528778962
3.08262136,6.80984751
6.012296238,1.7084594850000001
4.141223965,5.202634283
4.800754427,2.371760015
3.127716079,6.013157314
5.756677117,2.875340702
7.336058025,7.394606787
2.704875305,5.223916142
2.764429811,10.18591786
3.453349081,5.22335914
4.812830878,3.396352861
7.132357346,3.970739399
6.930203937,6.669729891
3.67841481,4.856969445
6.872991694,7.974548849
3.629269769,3.711885132
5.030969325,4.606489478
4.146304879,3.41888727
5.694736258,8.314100087
4.223055073,4.838620355
2.702381263,3.648578573
2.34272144,5.201983142
6.140876278,2.530316668
2.243962206,5.047966555
2.478004695,7.930316705
2.061741421,4.453397756
1.946887455,7.968235652
4.601426824,4.774387652
3.876772287,4.89486329
2.592783914,3.548526737
3.949556665,1.537472795
2.081965982,3.632747175
8.248604702,2.370125622
2.181002458,3.848006705
6.97733522,4.30732871
4.956434891,4.960176249
7.148439552,4.475499886
3.779411148,4.403436907
6.002432005,3.463272763
4.158539953,5.101812138
2.767290535,4.869885103
4.513617887,5.325712249
2.936995479,5.768329132
2.652420974,5.871054586
3.37901575,4.026031918
4.013665054,6.504878478
5.863884532,7.594126886
4.376498955,4.239249997
4.809178205,5.013644473
4.061364104,3.147138921
5.889271738,7.287639132
4.292066663,5.618193603
4.042056618,4.327370824
5.083621955,4.667666269
4.756294249,3.848799958
3.544760855,3.878379039
5.046137501,6.167870185
2.619546328,6.141630944
5.57327848,3.126907366
7.193707124,3.554882678
4.587671232,1.741754196
3.549089615,3.84409332
1.966400898,4.632834212
2.8594395440000002,2.947730293
7.159649016,1.512675696
3.519382348,5.181556056
9.171979771,2.926432877
4.407411378,3.512085292
6.063634551,2.908543596
1.411665525,4.639856329
3.724299904,4.172062287
5.683608786,4.652705659
4.794417356,5.348747039
3.569698282,3.763173843
4.984544115,6.066809
4.74773913,4.813982997
7.202239585,3.817067564
3.858929861,5.966833393
5.728799583,5.247565198
4.852648134,5.496265807
5.836293417,6.327597609
3.594257878,4.459289232
1.869557292,4.256481243
2.279214392,4.8476925
5.044989491,2.479360232
3.173922717,1.385211497
5.746567242,2.643348391
4.090088526,6.682094579
3.979495429,5.631417005
2.72559125,5.831830893
7.674883998,1.4937940729999999
3.767387006,3.823016744
6.785034349,9.614184212
4.293851026,2.881001642
5.074351857,6.272523357
2.753657405,2.680387543
2.112508153,6.322481515
4.318773193,3.170190693
3.504363854,3.034052463
4.707767363,3.521022058
6.838405,2.718838063
3.680407289,3.556566469
3.984589457,4.447478751
2.180573418,3.877398846
6.39415968,3.017889835
6.755610332,8.653687456
5.498383584,4.788916301
1.807444466,5.633885312
6.902456231,4.73381712
5.840264819,2.912367739
3.76143325,1.172170898
2.955766455,2.464918502
6.032886511,2.577953015
5.538114638,3.02824224
4.658927691,3.401509257
4.511619151,4.78421894
2.981992132,1.891367716
5.35608294,2.587206215
5.731298685,3.969704088
4.1733617690000004,4.043058658
3.647865767,0.801057281
3.313634359,2.822988534
2.705742968,4.72704009
4.188980878,4.557799206
3.888015818,4.611611081
2.298843904,3.283976667
4.554431137,4.34046666
4.396791401,5.777688203
2.830017686,2.253380146
6.71081738,3.328561836
5.26080517,4.801574321
4.764813102,6.249527469
3.878495873,1.304974906
5.062059463,3.575241653
4.053419229,2.565986049
3.933228619,5.084104074
2.720676704,3.60496354
1.155921656,4.371452511
5.034866296,5.592586873
5.901118156,3.730796881
4.472580582,3.774575216
2.056165229,6.134685573
5.262637463,2.794672836
5.075579386,3.580171845
3.341099312,2.863715341
1.959979872,4.046544426
4.600226813,0.761124098
3.008480638,6.524854613
5.784268644,4.070026005
4.889342861,4.20726786
6.368753082,4.538832719
2.620908199,5.27527843
3.921015588,3.178669289
3.971766835,4.8973976
6.02922174,5.322217307
2.880428557,3.621952683
5.136814966,6.092782342
5.043449256,2.644635304
5.67762022,2.330565315
9.199990871,4.804478005
3.896927138,1.884361606
3.023899056,2.697796512
5.063242115,4.936472267
4.062321774,3.578185744
4.646207572,3.834489572
4.000750857,6.535029331
2.117760553,4.706915402
4.235429493,2.107157874
3.14966243,2.094473417
3.594412049,3.838258309
7.549911756,3.698716963
3.299736284,3.195206128
6.989268743,3.406356444
1.821096535,2.869928836
3.627524648,6.940002013
4.345666578,5.7102615
6.538873668,1.458715966
5.086111749,3.305178202
4.376918288,7.155264251
5.673684065,2.680501412
1.87720993,1.516923735
3.429492496,4.275202156
6.456941248,5.203069443
5.415825124,4.721291063
4.466623332,4.755730961
6.082663121,4.850288132
4.187787994,5.749853604
2.654677994,4.984349614
4.068257532,1.975030875
4.748714673,3.228101765
3.607403271,6.050983551
2.047941257,3.43869047
1.881482477,4.27727221
3.194794361,5.27180757
3.264402026,3.321344005
2.161999673,4.89239871
4.691346063,4.693640349
2.278190208,4.446094213
5.634325185,5.188782424
4.127634275,2.519201849
3.994950559,5.502480233
3.532751568,3.342697784
6.336886317,3.750672738
5.453502464,7.634684343
4.898340318,5.958472429
3.526819117,4.061555797
2.347396582,6.777318136
8.402349564,9.791120844
3.297802541,6.021165165
2.154725089,5.759467103
2.248222093,2.397942049
5.479270678,3.836862551
2.195015349,4.643440962
2.77868177,4.12393463
6.195238464,3.638626684
7.546340453,5.086892492
1.918900457,5.292135888
5.12194056,2.55097935
4.174101434,3.928499488
4.60253979,3.714779558
3.161873513,4.984330976
5.264385537,6.527564706
4.025538949,2.650254926
3.021211353,5.125752954
3.831993164,4.723570089
4.864456182,2.966697909
6.475636429,3.515294115
2.401956637,3.319072525
6.094261863,4.986437957
3.255384972,10.4059279
4.124311186,2.672862486
3.948249397,3.17158363
3.416620354,3.540175399
6.270844835,5.696560933
5.163613288,3.712034594
4.320050541,3.284326969
7.370859923,4.023099524
2.19430556,2.074993956
4.986504466,3.505584812
2.672599402,5.319191336
3.785038622,5.190550627
4.337424249,4.883141358
11.98023585,6.052272072
2.650302914,3.228542918
2.997911664,1.304658221
4.712391385,5.312665705
2.943952397,3.293971999
4.931173334,6.794388625
7.145098378,2.74285641
1.917868147,4.010811458
5.81190524,4.467355466
6.944690396,3.921170447
2.339866343,6.00742665
6.298821415,3.829284962
3.393078274,4.006978852
6.010841688,4.379219258
5.332892759,6.493256978
3.297415534,7.295821839
4.526319929,6.956956631
3.548825075,3.407210969
2.967475543,4.330848931
6.174062446,2.065181713
3.120365767,1.974782811
4.172909932,2.955246817
3.819086337,8.423650001
4.094363934,6.308155898
4.300852279,7.354977716
6.414530526,3.891168696
2.807504041,8.327447153
4.38746098,4.293127914
2.550061981,7.616635159
2.807334354,6.422782537
3.507661947,6.168233392
4.024133778,5.371297414
4.640997319,4.044564789
6.344941776,1.427355444
5.133290623,2.883908497
3.712639204,3.877266852
3.655963133,5.621393153
4.984523145,4.499371786
4.195025013,4.622867399
6.414054521,7.59537648
4.067108392,2.943336331
3.405588345,5.672283799
1.490073403,3.740311439
6.738637209,6.169579466
3.219420876,4.5340664
2.64032203,8.715027066
3.875490266,4.048644344
3.112225102,3.034168038
4.93709637,2.613355486
4.195295382,1.903131487
5.188409126,4.134000942
5.393570387,5.743955337
5.531441811,3.784056784
5.765566642,3.498585646
6.36775976,6.514455693
3.961500652,5.757464408
6.002182142,5.382850308
3.798601163,6.652921556
2.875811617,2.446483069
5.649243023,3.060602793
2.79132992,2.995891143
2.812585566,1.765573402
3.485602642,5.853958937
2.471369419,1.443635641
5.088464312,4.270635556
7.816808136,7.112390703
8.711650506,7.797433494
3.518603455,5.351450405
7.110508876,6.916857039
4.942702222,5.97863198
5.610756949,2.849091891
3.949161666,6.684936766
2.25951924,8.189725955
3.089222748,3.035449278
3.578446426,4.357821652
6.557169731,3.558139196
6.92394573,5.226292155
7.154248879,2.478212624
5.20441862,4.532447589
1.99440811,4.45049748
6.76604384,6.139291434
5.009226398,2.300746527
5.032413914,6.171403985
3.961319168,8.416550302
5.18299835,3.066502854
3.33031256,3.03012217
7.768696578,2.449444688
4.510805029,5.968098309
4.420504647,3.841899364
4.688103825,3.250215545
3.601200416,4.689019733
3.602734018,3.620736614
3.546980742,6.572586871
1.598465381,3.514619519
3.797876957,3.91060118
5.012753072,3.125665815
4.174138508,4.252496846
3.398993205,4.816330825
7.281855181,7.232993356
5.28190839,9.354194536
2.660225048,4.851933875
6.382203505,2.575851932
2.90269272,6.206943441
6.497752752,2.910167617
2.507904973,2.636113994
5.119745282,3.886640491
3.765543777,5.193572852
2.117227774,3.955940129
3.734471554,5.076605357
4.904527622,7.190550018
2.81665562,2.620513858
6.69599411,9.407994081
4.54595248,4.863527587
5.213306903,3.806085852
3.248324301,2.565783395
4.111465889,3.675517293
6.334213246,3.13459476
4.09454334,7.121064074
3.688796486,3.240850078
7.270685727,3.023801973
4.562294251,4.642059728
7.790839884,3.190290793
5.439114395,3.456022012
2.807527141,5.319900267
4.685445778,4.458333714
5.784492631,4.137817533
2.982346754,7.735566855
2.256056517,2.13576152
3.690486322,3.898982976
4.151073069,3.437126509
4.27582241,1.270049005
8.164243145,4.967257135
2.591421603,3.704806008
2.598085791,3.535767529
2.245167329,2.967553083
4.751724436,3.327863391
2.854796786,2.840870703
3.125918719,5.85511112
2.436685907,6.392815153
5.967919449,6.078611948
2.542143509,5.198707504
3.46272324,4.425549934
2.70293277,4.371997847
2.573124855,7.981178562
5.754177189,3.217575717
6.870416999,4.554341118
2.733597712,3.37917624
4.694928587,2.08381874
3.240116381,1.600500131
3.095955665,7.756066464
4.266226354,6.973771572
3.193014476,2.29487612
5.096367009,7.479724953
5.222892811,2.517616688
3.716249785,5.680706505
4.763723695,4.287718863
3.707300576,6.244703617
4.145367386,5.960561578
2.798345147,3.611130517
2.171481669,3.70033185
4.323380249,1.891231116
3.740789681,3.694729051
6.894492057,10.09893797
6.373169521,6.517389575
3.813016035,3.480756019
4.172533427,2.770266781
5.583018805,3.636527386
5.791478713,4.48747857
3.734641471,3.750581322
4.36828723,4.086486189
6.000809867,4.914028537
4.944432803,5.062718596
3.065856454,2.389079725
3.242866793,3.974981828
2.814590116,5.720830806
3.138719877,1.108058422
5.584491588,3.304485663
4.964719058,4.654616015
3.644365979,5.086840075
3.966982012,2.909402199
2.707029279,3.170580641
5.813140473,4.935354781
2.678879869,5.062636963
5.692996958,2.163043493
3.869953926,3.830357222
3.846400948,4.605195466
9.644155551,3.119758369
3.958534737,4.922555198
2.825217979,2.557854756
2.806351324,1.606701087
3.023113257,3.518882167
6.162257062,4.933995828
4.03293101,9.540137815
2.979368383,1.934326374
3.729918019,3.307335165
8.4431141,6.176983897
3.742941409,6.487663353
3.217674059,4.737722499
5.958130333,7.241196889
7.662195302,5.71524233
5.763227307,1.883570668
5.896310615,3.50437722
7.292493556,1.019056775
3.342315317,1.410566867
6.345872315,3.251611447
4.383245612,1.775494446
2.645945267,4.397625851
1.058997117,4.978881205
5.699698173,4.576415736
6.601105365,4.711161587
4.071786417,4.860686737
2.412572274,2.917960533
4.381342101,5.129954017
3.59969546,4.877447925
5.278354244,3.330252252
5.365561668,4.055674023
1.972920053,5.722532826
4.783461489,3.103808942
5.63320859,5.309443782
2.382762429,4.65659387
5.690712328,2.745534772
8.085524604,2.097419486
2.649296665,3.722020915
4.035372094,3.248051801
5.674740589,4.353748277
4.625374758,3.246521038
3.939001564,3.780463007
2.747670359,5.333469191
2.687900302,6.34148278
1.152891522,4.4420137
6.020197451,3.720373576
4.148639083,4.763934748
2.619062788,3.22184099
3.543759487,3.033843884
6.170629023,8.063304957
3.493350401,4.122433116
4.721691257,6.598103296
5.345847625,6.52946389
5.245417354,2.825849138
8.23756466,3.849339083
3.5373703,3.316589863
8.125925334,6.100347503
3.724141175,2.759337548
4.290814509,1.525923262
4.450784216,3.267487579
4.423454639,4.685502337
2.458905672,2.483812642
5.072609465,7.07347277
4.620089919,4.281087074
3.28277007,5.057543418
7.355506532,6.104111158
5.847608782,4.941872182
3.353134845,5.020623932
3.22992331,1.893272068
8.26372627,3.957097033
4.639237804,4.184159646
2.731490607,4.779168985
2.581832325,5.546178254
1.611846125,4.475615373
6.040212453,4.320206874
6.807878629,3.749109197
7.595844071,3.475252169
4.4767921490000004,3.416458035
2.97739234,6.915438021
1.721940505,4.831568747
2.117169253,6.045656796
5.230559048,6.273011405
6.709639558,3.752850223
3.317862559,8.414082996
3.082872627,1.257521004
6.600366224,10.68109091
2.341244897,5.297559314
5.465905881,2.432344339
5.802614164,2.56247086
3.045503094,6.763737387
7.394599112,2.797487934
5.58442733,5.681690741
2.124197032,6.561533666
1.982770065,7.500497449
4.205433394,2.352734608
1.726214337,3.573629121
4.705547239,6.500527972
3.272642031,3.001177575
6.282427948,5.382904934
3.799227951,4.563300963
4.43940047,8.199835903
5.676582275,3.809736196
4.668037978,2.885286793
3.627444651,3.38263494
4.140806633,7.240343888
4.072135803,6.708159446
4.795236136,7.315152168
3.778277945,6.204386348
2.841837503,2.614755425
6.808711336,6.062763769
4.511860467,7.674015498
3.756013553,5.832429499
2.522240407,3.580847926
5.232230447,3.812645485
4.146523166,4.849050339
4.573395864,4.586499597
4.129408045,2.953305732
3.40460068,5.760365672
3.621334798,4.926210973
4.578683776,5.662429467
2.638394253,4.377729489
3.665091837,2.150592447
5.229963506,3.590088354
4.536368523,4.777100391
5.325982653,3.26457348
2.86113664,3.038735734
5.663979262,8.50017256
4.488900514,2.899853092
4.441907594,1.747732275
3.918279647,3.238080942
3.23899091,3.361276935
5.650877283,6.100463194
3.835698266,4.687380647
7.648292637,2.302310418
5.363785545,3.155681286
8.446879222,3.058412627
4.71442335,2.805448853
2.620046156,6.321600346
2.935104661,6.381612603
2.775327655,3.381678361
6.130866225,6.571182307
7.827473983,2.787752154
4.962401476,2.584225862
1.854887965,4.288964467
3.909303804,2.556431021
3.869303372,2.333410371
8.120352428,3.985976915
4.255967754,5.557118352
2.360201252,6.023921252
3.199680645,2.558109567
4.10355542,4.136846215
3.591273711,6.256605592
4.532155641,3.005949743
2.866829168,2.251293872
3.746421507,4.822811194
8.297099431,4.8546439790000004
3.449444618,5.045198605
3.935398989,0.521892633
3.99145825,2.897862123
3.42523565,4.611630774
3.964618864,2.191454592
3.849279329,2.899214075
4.81181234,4.289997935
3.487220829,3.702830877
2.296173622,4.543052189
4.136361229,2.335995059
3.35064953,3.136990073
2.209422202,0.79003161
3.827353003,3.146815489
1.500926051,5.627992602
2.3027543,4.839864667
4.88912543,2.115002098
5.609763001,3.106922216
2.836000954,2.034079704
6.482093271,3.664407218
3.106636278,1.665966705
4.765180106,3.595178165
4.970532154,1.883201337
7.821422502,5.778811914
4.26557365,1.670023883
4.901959077,2.952803311
4.281214916,2.656432949
3.458886911,4.368853984
3.252749016,2.897192359
4.365899964,3.532305822
3.018340584,3.044314475
4.019249257,5.1977962
5.25941068,2.513210195
3.464688881,3.040796567
3.443842749,7.358898844
5.91533953,2.681947708
4.352886224,7.784404245
3.703639003,7.815775964
5.947001769,5.309627505
5.395414196,2.601955935
3.16539179,3.927101753
6.072370191,2.876443613
6.030138265,3.918064042
2.9471337,4.274467824
2.226804121,7.712224781
2.020971607,4.097916087
4.556378168,3.756771385
3.774069553,1.97974143
5.823687001,3.678295761
3.384386009,4.2721915600000004
1.384479966,3.496619857
2.251497576,1.990565158
3.840058187,5.296943033
3.315418521,3.672846925
3.313657417,3.041596567
7.84029381,1.533948357
3.684733493,3.083394949
2.186443281,11.80132769
5.408817567,1.655090337
4.62727505,2.908227956
2.479100495,3.26103724
3.251848997,4.170730813
2.413818649,3.080972319
3.283118093,2.0937968
3.582599009,3.348657044
4.523103528,3.19640082
4.320595257,5.927329445
1.39983375,5.877839127
3.820489226,3.347772665
2.062938777,4.912135359
4.156982284,4.242590163
4.349458077,4.243902967
3.439270602,3.759556938
2.876155451,4.012644222
4.297887626,0.851058255
4.777522459,4.71187709
7.852678839,4.425360865
4.400911087,2.26804795
4.230810722,4.143370115
4.513525879,5.946144801
2.771104065,3.873131512
3.386209921,1.888047667
3.793230573,5.598058856
5.689847443,3.306240227
2.896002776,6.365566169
3.588247872,4.399146954
3.0504106,3.995020923
6.067346046,2.106929084
3.071854926,5.522302105
5.352163693,6.666923281
5.394974536,5.174705548
5.452798447,1.053407411
3.662484735,4.354114079
4.419249814,2.464928596
5.569952315,12.05405606
3.012512988,3.114691117
2.465856551,4.85353739
7.192305883,5.939672844
2.835901034,3.728702482
2.899387696,4.669141625
5.055088843,2.136307
4.075700218,3.506619335
7.293330418,6.935454816
3.313229061,4.520943879
4.514786859,6.075180564
4.202561632,6.629422914
3.272759507,4.581788697
4.408821228,7.546329531
3.342114929,4.554216616
4.420921893,5.388483157
7.317979484,4.609966409
5.318997768,6.192138538
3.668724173,9.973191022
6.162143479,5.75036555
3.081921746,2.925776655
2.38661899,3.431412368
2.621442535,3.316321701
3.947575471,3.774841108
4.450661353,5.290366531
4.805425032,4.084275692
2.791416045,5.476539527
4.948643266,4.161366436
3.020188905,3.110553179
4.27975332,2.551707582
5.309945198,8.249000521
4.691907618,2.843695998
5.037759991,5.091584008
2.305566773,3.213497102
2.842518622,2.890768467
3.488208199,3.399644265
3.082489752,4.508372625
4.016602073,2.696775982
3.602881765,4.170279436
3.36559253,4.274872621
5.325313957,3.135262894
5.303220926,4.417207965
3.079196094,2.625801747
3.204076304,1.891488863
6.443380255,5.284923412
4.13584822,2.730650974
2.945340141,2.040746966
5.512590416,3.015474023
7.487851883,2.65742683
5.030940935,2.74087531
2.796071516,3.419698296
6.504716684,4.872503538
3.190577853,3.837005323
6.382661594,10.14644421
1.642895811,5.134384866
6.223771764,5.729446023
5.464305091,4.55658187
3.456993215,2.720343347
4.291307141,3.137780845
4.205846213,6.292312136
3.944680983,2.804885752
1.803021523,7.035634277
4.695742183,2.736234937
3.328996214,4.807949462
3.812551357,5.00909331
3.556257743,3.37195937
3.967513257,6.40064187
3.937019152,5.780999265
3.157292935,3.183003288
4.516164533,4.732963608
2.003375302,3.389396333
5.366689825,4.34134467
4.986827965,4.476505652
3.813323517,3.069884032
4.956491979,1.186843732
6.801874274,6.8260482
5.805601267,5.348885551
6.27825136,4.869422956
3.679902351,4.9362264
2.877195858,4.195594179
3.957540072,3.28288598
1.538974084,5.044538418
3.715100253,6.685307149
4.801293956,2.581317095
5.110900419,5.030137476
4.333857513,3.21524882
3.306990874,3.428917374
7.919130591,2.272882788
3.065960956,3.190638795
4.962710825,2.803563753
4.957493546,4.125814527
6.245665463,3.031461602
2.674110231,2.701934554
3.710876268,5.4681772
3.554896314,3.820546209
2.047165783,2.610786893
2.834930987,6.521776145
7.606355656,3.705915568
8.191658478,7.645791909
1.396533965,2.534081816
3.873815031,3.336031243
3.503585243,2.463998327
6.566474054,1.052507814
2.098084305,2.752809174
5.011428272,8.974599658
4.422727085,6.329560122
4.387338489,6.387923263
3.295562938,7.965664835
6.337837588,4.286839691
3.735454814,3.218952048
4.330838643,2.003091852
6.654689343,2.827517462
3.651422525,2.543318435
4.416358903,3.516450762
4.083882369,3.246159166
2.619769378,9.580176893
3.162052056,3.43374137
3.523239972,3.922104044
4.056951686,4.472676117
3.398905472,5.621200611
4.799887224,1.803820106
3.387913223,2.371385291
4.099647021,2.409796208
4.349445285,5.393594445
4.932682782,1.940146218
3.735217611,4.794266176
3.557389687,2.021456139
8.597543422,2.679563762
2.23942638,7.345890685
4.481007828,2.696812417
4.800474112,2.91473983
3.135754639,4.945409775
3.936666638,6.677818371
6.575657153,3.277786966
3.488061282,3.288189429
5.890740765,5.844606256
8.314999848,5.376216545
6.406972559,2.890382438
2.948098942,3.701803351
4.275351644,3.835069695
7.115424704,5.131474477
2.640609192,2.738666527
2.409252108,2.409245481
4.061153709,5.796949043
2.873663527,2.7735516
6.314598195,3.11732628
6.628425356,5.1783431
4.438697805,5.247000346
3.051684214,2.258630229
2.964778433,3.051637064
3.305047721,2.115172861
5.294327511,3.787275327
7.15446472,2.079384631
2.811854574,3.547224573
2.722695473,6.931721162
4.646879405,2.127882323
5.170696785,2.664616007
4.260517307,4.382229683
3.999756477,3.596641707
3.922525133,3.649794152
8.063545355,4.111054616
7.952703719,5.443779688
4.429004691,5.503797224
4.004152173,4.501371365
3.246371665,5.96656644
6.717418,4.995657498
4.8104476,4.805307931
6.034434593,3.19870577
4.125573902,3.508877579
4.873271809,2.666591847
4.944612476,2.77252537
3.205899532,2.572301227
3.212115791,2.72568808
5.247691164,2.36452981
3.328131944,1.813380737
4.702033248,7.68326774
6.409747902,3.453063203
2.834353652,3.738093844
4.273778639,4.478079268
2.733392905,5.927166256
2.881435963,3.776392439
2.440848048,2.467748377
5.11344795,3.673871382
3.403056476,4.524912932
6.903619469,3.217968929
4.143087605,4.131554988
6.698756542,5.631748649
3.181574595,2.871573658
2.378731129,1.659926283
5.762975019,3.582999254
2.928153395,3.566226833
4.078265784,4.302570249
2.427455837,4.63839837
3.251970552,3.507941316
2.061134721,3.358830876
5.42375694,4.238988323
2.920694615,6.728896358
3.813033729,4.578613219
5.269838863,3.294671319
7.25834188,1.823416485
5.856799404,3.618330356
4.382539547,3.3064037
3.24276277,4.61705551
4.108707932,5.263222965
3.725412945,3.48751512
3.364158956,2.022892352
3.003018515,2.165289911
6.250499134,3.006911352
2.644933259,3.286704348
5.735695342,4.03656866
3.548351265,4.146245594
2.083258064,5.008533225
4.477266519,4.617989265
3.829585062,3.081674139
2.537281262,3.946696792
3.220178315,2.401124147
3.000297959,1.955028138
7.76269673,5.512767827
3.173028978,2.419940081
2.416349648,3.4436318
6.828424144,0.938563167
5.073664184,2.9105956
5.212732379,5.305768534
4.613042504,4.371279801
2.891290011,4.126303015
3.940621474,3.730942814
2.74145184,5.431869773
3.747642926,3.717139298
2.559233434,2.616303793
5.928325814,5.792758968
4.545378428,3.693969968
6.034588262,3.59042744
4.051009355,3.497622622
4.279222627,5.36887235
2.103539843,2.254307891
2.517098454,4.942758163
5.896879748,7.720621308
5.243790865,4.093888656
2.412370445,2.047887452
3.262823219,7.616448254
9.706788268,6.555002023
2.483271376,2.106811404
5.391801972,3.608024316
5.466868971,4.205646916
3.09180687,3.706155355
4.338583299,1.660752329
2.735274558,7.218651115
4.506258314,3.02190055
6.090731912,1.539889512
3.980817828,2.694482719
4.443332467,6.199922396
3.747873575,3.460259543
3.074908328,4.148331673
2.891002444,4.655367534
7.264235476,6.432704201
1.903297191,1.644544583
3.213138486,3.013027523
2.746326132,4.427480399
3.44861828,8.705482498
7.094399357,5.525262756
3.586874044,3.333036026
4.278452636,6.482780728
5.987827564,7.358777492
6.365293757,3.650593582
6.346394797,4.241917204
5.789385181,5.34205098
4.683015415,2.105433628
7.517140011,2.689164066
7.854482513,4.629090453
6.433186132,8.318052317
3.839153456,3.808447599
1.565823638,4.819231749
3.364719291,3.645040475
3.754481996,4.158509707
5.686196706,3.199411053
8.16361198,3.031296989
5.762405527,2.404586909
5.371737349,6.071297968
4.223696692,11.23856613
8.145259951,1.836223297
4.046461331,9.08202764
4.099469795,2.942941343
4.414244799,4.701068744
6.794405504,1.214145383
3.786011648,6.306984593
5.659780099,2.851985101
6.700227886,3.541709111
2.689337842,5.842386097
4.249962722,4.850090675
4.550953496,3.108015581
4.357517523,3.932647479
3.392091162,5.729366077
2.82980205,5.930655864
5.243555898,4.468094511
6.755626688,1.594591262
3.75894379,2.496753749
6.776089939,4.044256334
6.227729214,7.276819243
4.346573721,10.8931206
4.309369009,4.502229461
5.565924769,3.799330507
3.792555328,4.131333612
3.771538292,2.13586778
4.895659179,3.268917581
9.543211081,5.919774384
4.666974554,3.204780052
2.21334558,3.291220747
5.779256601,2.982810221
3.329625802,2.449206474
4.30959984,3.276803123
5.121304759,4.674698032
3.486728531,2.300484832
3.318690598,4.254317071
4.567036975,4.316579739
5.976916849,5.317959716
2.518399502,7.142568177
5.028187224,6.29141543
5.432073649,3.505435684
4.370185749,5.049040435
3.029481264,4.772563978
3.958087138,6.744489032
3.575213044,0.678852876
2.061072662,3.983650438
6.455709708,5.547583694
4.342547028,6.07490168
3.591226099,3.928749013
3.251036249,3.91363777
2.89471686,2.262893778
4.088799944,3.705163108
5.637108215,1.701106646
2.857951961,4.37745823
7.238391069,2.386021175
2.662516028,3.939919643
6.434380667,1.543023739
4.010734809,3.671418461
6.753717673,4.655773939
2.490765951,5.798824555
2.528889345,5.17078814
2.69401686,2.500605721
3.81650324,6.703678677
4.028443216,4.275439825
3.935635153,6.6678783
3.553139004,4.791425586
4.731253793,2.936058825
8.004837196,2.656433861
2.617835967,3.953536197
6.978054284,6.092177648
3.810484702,2.593368813
3.811418373,4.01028328
7.349838435,1.862871461
5.993804049,7.929550923
0.871509053,4.984404047
4.192773386,2.568565208
8.199294925,3.599166543
1.463492562,4.012933041
7.09040205,3.682619376
4.229614634,8.600065
5.895894811,6.342491636
5.108698614,2.071069699
3.929301913,2.085447523
4.882966606,1.724854029
5.737623649,1.64330326
2.526297598,5.159099993
4.587217931,1.80220491
3.436558959,2.800041224
2.771186172,3.290687137
3.66448827,6.771260639
2.526428681,4.064435405
4.659100538,3.678357554
5.475459071,2.630348579
4.938994679,3.021501771
7.205574342,3.659677431
4.323970592,2.591823058
2.796757715,5.013369691
4.637860862,4.978352015
2.020267209,5.305174551
3.912691223,6.230760154
7.093151404,1.536059024
5.721958633,8.20708042
7.001451115,8.953783774
5.632746082,3.948909981
3.397916522,3.405700825
3.705329014,3.138619945
4.469571205,1.555513102
6.471040184,3.267450919
4.375993488,2.902415024
6.867292523,1.840684561
3.958021528,6.1014737
6.461575542,6.360931268
4.911494552,5.633912597
3.790477065,3.827619848
3.073803724,3.685069124
6.140464168,2.451622068
9.490633239,4.964765524
8.001398138,2.46897177
4.702682863,1.890173862
4.113161203,5.921684728
5.303268043,5.0644097
3.705160517,6.380026738
6.204234142,5.039126817
2.209626446,5.121849328
5.975010134,10.87099764
6.307082894,5.303076014
5.504543259,2.807207024
4.993808152,4.840175551
3.284187178,3.80380354
4.186041754,8.053661753
2.943715044,9.461580635
2.995125445,3.927322589
5.686504836,4.813843773
4.637117818,3.006503698
5.288396736,6.581565221
4.676569175,4.450369905
4.81062231,4.304092378
5.402918768,4.556244536
1.413411071,4.080953591
6.387533146,4.87114853
4.829920451,3.706169333
6.771743246,3.62565162
1.770343785,3.163934471
3.027796058,5.128005909
4.289978936,3.880885907
4.306287017,6.088523645
4.724772611,2.82597913
2.147147097,8.680748051
3.402506261,4.81525333
5.500176538,4.264102858
3.658228214,4.817594208
3.671917529,1.910714018
4.522048555,8.801618174
7.121260914,4.829262407
5.96924207,2.673031221
2.171551652,2.258360595
5.746818628,2.713699511
4.656215101,4.499862767
4.321758931,3.259189034
5.382620894,4.895318402
5.825137666,6.471497614
3.126704932,4.562731307
3.407768221,2.787307719
8.249240171,2.271894372
4.890542651,4.34013993
4.112353364,3.058704787
1.639109423,4.186404989
2.659655265,1.322613462
7.293866676,7.21289034
6.463439483,3.476836232
4.681173068,5.284253731
5.896618408,2.274563733
5.328742196,5.85691944
5.353893508,3.563296685
5.652363303,4.436558507
6.831150377,5.099810736
3.510581045,3.038373075
5.522682215,2.512358758
3.746256381,4.480758243
5.324919487,2.532761743
3.351173875,7.981915224
3.97931281,6.866072353
3.450600089,3.643284963
1.906832296,2.669433708
1.928238758,4.05761572
2.419585231,8.494172464
5.786862499,3.46623571
4.042853902,8.94542551
5.012090301,3.776531951
4.71636009,2.47266832
3.658503316,3.662838685
4.623174802,2.473092577
9.874784042,4.564786096
4.49118932,3.505204396
4.417036675,1.850664403
4.179128631,5.249740123
3.525924344,2.654494885
8.020325473,7.371335018
3.897908725,4.506981367
5.504326646,2.378934806
1.860322173,5.626666157
6.233746762,6.44010296
2.972211597,3.410697471
2.234025837,6.151891188
1.378839134,5.580706131
3.30239903,3.519262659
3.431874298,2.908244031
7.290487908,2.940688249
3.709837936,8.161099102
2.185310688,5.459483615
7.185721993,4.658225715
3.816176436,2.297116579
7.169994152,2.982006713
3.065522019,8.109080792
6.87862334,5.075035236
4.707064186,6.162768785
2.492583419,4.258756006
3.611465617,5.510666374
7.554625519,3.885050673
1.798045512,4.403523661
4.519806907,3.043623909
3.579581031,8.507511895
6.155341639,2.898762323
7.143539191,2.88322282
5.734660718,2.818996076
5.127891682,4.856965208
5.541690196,4.935108643
2.510394811,5.908263536
3.961561155,3.461667271
3.438737245,4.47249999
2.994169347,4.512787566
4.154294163,4.379764058
6.774675094,4.481945321
2.003171293,3.438817376
4.39543109,6.612997486
5.453394371,6.001123799
5.05817959,3.555647982
4.125091654,4.12830247
5.805149944,6.536910561
4.430457755,2.355737236
3.123190066,6.391996447
4.560703405,3.280588916
4.184178657,3.36005687
1.702790746,2.892876635
4.047194713,2.527438207
6.249693945,2.98025326
2.457493115,4.269792907
3.297168023,4.232767132
5.820798889,4.420749021
4.174450284,4.339073153
5.457078099,5.045147095
3.353851462,1.923489931
8.885122571,3.480641406
5.135160216,3.193543928
7.222139006,5.095579763
5.026088236,1.936591079
1.942580872,6.646110653
4.650736565,4.861961305
6.436740206,5.081822624
5.797447104,5.58341258
2.899354383,3.533251432
3.307560338,5.513000214
3.083318617,3.825152213
2.767920021,4.465876583
5.558741214,4.799520607
4.475643844,1.919524699
2.381512905,3.495734304
4.138525823,2.647881978
3.573924013,5.464203506
3.212541212,3.367699431
4.478197373,3.159013103
1.707223863,5.494944772
5.423024711,6.271695621
6.024558501,7.15091889
7.888393061,2.877031541
4.021682629,2.830860492
5.964768536,5.538822282
3.093877637,5.048737132
4.535693207,7.117823622
3.34356926,2.922071798
6.77488227,6.392092417
3.752223863,2.003806139
2.796983328,3.896405995
6.402486179,5.177915893
3.407551274,3.849541059
3.323142133,2.383199014
3.966556195,5.014079363
6.032016683,2.731846558
6.96948517,3.374278617
2.479140788,3.827559859
4.341132613,3.175824696
4.436085461,8.477853483
4.085696066,4.979363405
2.15472072,3.206615323
5.814280767,3.305838574
5.496907103,6.3761678
5.819822449,3.262993529
7.219953497,2.731060462
4.727594242,3.696789245
4.406964891,7.490674655
6.86404168,3.018848613
4.069757975,3.577183747
6.741155251,5.18150703
3.378516655,4.803301992
2.270754062,6.646028754
5.173878253,2.615645233
3.606882778,1.605160841
8.583354156,2.768349624
3.575674694,4.765996342
3.383429864,6.313889765
9.791728638,2.837751245
2.68682469,3.366579377
3.129915006,2.693009065
5.703817576,3.255715534
5.871498899,1.386677076
5.151464407,4.643808713
5.143372738,5.547123228
2.918905137,5.517260052
5.680459002,1.398893348
3.84698632,3.235526962
5.355467844,4.82213843
5.543596612,2.900436846
6.732223622,3.306393018
3.229974565,3.55305812
3.3472736,3.685333069
4.129004796,5.342100007
3.72477645,8.552703419
3.529937379,6.739693724
4.055917517,6.169772326
5.255421424,3.943190993
6.525861728,2.19024259
5.878160172,3.306447178
2.714942702,3.92327412
3.536610911,3.473186839
2.503391186,4.391908541
3.872924973,5.072271443
3.941550527,3.516366496
2.644948032,7.237969437
4.104092021,3.78573443
7.199715186,1.676673476
3.360258101,6.608745639
5.585900886,4.419977319
5.957134984,2.549392443
1.915856687,5.296000736
5.238996984,3.51569144
3.470275388,2.801868172
2.797965853,5.038535518
4.248181883,4.962718922
2.579869218,2.509612324
5.083194852,7.105736479
3.902645699,6.163394554
4.40000756,7.700391802
5.094759845,3.202174097
4.047088647,3.797464101
3.522438083,3.292141819
5.365966656,3.676459547
3.343209093,4.661147793
4.215639093,3.751080898
1.475473631,6.211846221
4.303062519,7.302776407
7.471321002,4.089461828
2.972183265,6.799658006
4.486901419,3.675351607
7.996945725,2.160354729
5.99002455,3.634073573
4.816153989,9.851082674
3.469073023,4.384865868
3.922509411,1.796002727
3.5508825,5.118971716
4.378121646,3.726819094
6.954355004,5.875392474
3.999048357,5.316634224
4.435112859,17.18991703
6.17774464,3.777951436
4.866166746,2.432119221
2.462936702,5.513644669
5.831266033,1.666577907
4.133956885,5.279487234
2.721262038,5.306022809
1.313301193,5.543556494
3.267048522,11.46848378
8.937467157,2.915728964
5.625805208,4.861104016
5.936254013,4.710785478
3.282495179,4.32390967
2.427235481,5.753179525
4.833545481,5.411466295
2.560496019,4.503383573
4.009002331,3.092043369
4.236599408,2.743769275
4.883489574,3.751797191
4.254710603,3.977135575
3.251581837,7.04996827
3.271302931,3.022943718
3.834910719,3.559772912
3.356716455,2.922758973
7.256655917,3.938480769
5.30695869,6.681713653
6.724607233,3.737025477
6.479229201,5.932817654
3.679772942,2.008503981
3.752522216,3.667749686
5.637456013,6.734161273
3.144378015,4.765303388
6.867475922,3.436839787
1.942153268,4.302900501
3.436528981,6.158745774
4.129572909,3.473369416
3.252415363,7.713384217
2.687150498,4.155121146
3.268373104,1.789227293
3.753411082,1.712590816
2.847078539,3.674628835
6.478012198,3.026897197
5.452906914,4.270039306
1.448426641,3.403289369
5.985838307,5.715099334
3.833858677,3.220964078
5.185801868,1.903452109
7.051618704,7.636423777
4.966629563,3.246493965
5.552284252,6.040249766
4.907883181,4.067923809
3.577410517,4.172988717
4.17002287,2.919288334
3.655697876,2.356066855
3.039528673,7.042004914
2.602497599,3.4484334
2.927497048,1.721721052
4.152559489,2.636517267
4.994160839,4.268948422
4.082126926,3.027589453
3.193268951,3.647592692
4.086629448,2.541915684
3.009731444,3.248223057
2.71214881,3.982431174
5.180279148,3.350570184
6.045895774,5.155891403
5.687971063,2.464776362
7.992175323,4.81112864
5.466430338,4.179226919
7.227458564,1.74883653
2.989991423,5.866234634
8.233190128,6.723630176
5.438372573,4.375892115
5.656489748,4.526327627
6.220801246,7.804343991
3.109850944,5.169383999
5.344228954,3.040679639
2.943916909,4.528197559
6.995159403,2.122958811
6.278417339,3.647922871
7.782976967,4.263908996
1.822878301,3.861917672
5.116951543,1.537901195
4.115761274,3.692304083
4.66466317,3.436534624
3.238081383,4.857137089
3.234830525,7.960576775
7.553195673,4.563728568
3.778180663,4.407401329
7.248349596,3.262402512
4.797787353,6.938548794
5.055493212,4.224373327
7.929973508,4.309736752
3.184277641,3.872431263
3.70365586,4.025986532
4.064680982,3.341076364
7.755216114,6.523595074
6.729917376,7.600211682
3.602145477,2.394457306
3.679051675,5.899609829
4.554304356,2.99293357
2.566080569,8.024711374
3.245517947,4.366789518
5.428749684,2.349314896
6.281658025,2.727794841
3.557473646,2.973803079
5.992500155,3.733248179
3.826023847,2.489864193
6.961625654,3.297734491
4.070355803,2.02660811
6.13422597,4.916639003
5.461164308,6.328116903
4.766008255,3.79569513
4.692027179,3.838936842
4.896788058,3.673094163
4.085315164,6.464695711
4.957784604,5.88891351
2.816668091,3.736726169
2.832810118,8.622835074
3.801143959,6.202758601
5.270262119,6.633282463
4.703519397,2.9079496
5.839906074,3.853895629
2.848538685,4.379115902
3.722233537,1.574038669
5.941275169,3.812979222
3.1922277549999998,5.245739477
4.214247426,5.233235269
2.530107682,6.684585554
2.689909481,7.409912255
8.160492627,2.935557745
6.611199358,3.076909389
4.450131947,6.894443941
3.232472279,4.423977756
4.665194378,2.96784216
5.427221313,7.564006654
3.263782714,1.946489631
3.325469809,1.816230646
6.311243291,4.337396842
2.405371545,1.640414549
2.048418962,2.192950666
4.928968582,3.08687977
2.101777523,4.205521995
3.193605435,5.37863236
5.516859288,3.967382805
2.582754528,3.528260065
8.607286174,2.51321336
5.047169915,7.827430829
6.28322643,7.146011361
4.242273009,4.452553211
3.502394094,6.884234997
4.419518771,5.704665077
3.876249507,4.640338446
3.836098077,5.818597353
5.063938374,3.857157539
6.708363731,5.894702186
3.998812274,5.985443943
3.211891886,1.663051482
5.473797143,4.488827365
6.010364088,4.36339033
2.483298951,9.295215658
2.598956349,3.044016743
2.000564741,8.890960223
2.860955772,3.954839062
3.712457432,4.001643716
6.354264947,2.733628948
3.921402078,3.364441751
7.353264542,2.207134829
3.259047818,3.529281984
4.091064007,6.074558862
2.940924629,3.121263315
2.31348191,6.350594564
6.627191234,6.030491621
3.612325241,1.837655529
8.836914782,3.480368315
4.390468853,3.117566989
2.221580193,2.92125361
4.119688919,2.914715891
6.586837839,2.576969802
4.248873603,5.949956037
6.96985581,3.00067683
4.140497651,2.419309904
4.437152692,6.310124153
3.231847706,1.213913552
4.838200466,2.840682844
2.813645809,5.143670527
4.934687304,2.305186042
3.468569737,4.353893592
3.611878548,8.229189349
6.099009254,2.551676324
2.830579928,5.949853154
4.810314337,4.609655588
5.386350275,3.196837629
1.965877417,4.025679869
4.101726775,2.559033865
3.2473699,4.110921696
5.203646428,4.162253758
1.977946951,2.880947371
2.867830429,4.82328909
3.871529547,7.67025142
5.659371278,1.606287938
4.799335433,3.397627417
4.282632504,2.013253454
5.934533282,5.639454229
5.67851782,6.176445402
5.488897959,4.339484859
6.270697327,5.11292823
3.564221312,6.710962543
3.882176589,4.54532873
4.496432457,6.884385764
3.775466106,4.448629027
3.027799403,2.52498394
2.368815934,6.72392187
3.817819408,2.819306576
3.41729209,2.164168114
2.204207826,4.888782317
3.160240779,3.531041394
8.130059916,1.869990107
6.511330815,4.366586771
3.610863813,7.827504257
6.080827705,5.146802026
3.755873735,4.626128559
3.554262132,2.948370869
4.116445818,6.697896948
4.007464098,5.508498862
4.146719426,2.787550856
3.382645298,7.157914858
4.173486585,4.447267515
2.930695023,3.904985518
3.906608105,2.873986107
3.895719094,3.74729624
2.887725861,5.004695562
3.626942131,4.425648283
5.546854898,1.680919034
5.742779255,5.144232958
3.565329489,2.242143519
4.207481574,4.602877962
5.070663359,3.225725464
2.418776606,6.541014245
3.464090525,3.211674798
3.824949616,3.834639158
3.099790296,6.87919189
5.020435516,4.351728395
3.348779264,5.390165559
3.545617818,6.860822219
7.502763308,4.678012706
7.482506292,3.940302327
2.456955521,4.075427517
2.066790649,5.511993447
4.265496607,2.472453098
6.462479318,5.834020712
5.031923037,4.844119335
3.935560843,3.463337376
7.102927574,1.676554398
3.919957847,3.274686375
3.934343649,4.211630407
2.171017712,5.891641464
4.512266586,2.724186487
3.974340376,3.266301617
3.80307652,6.226606324
4.831209468,5.094094307
5.202187872,4.969212817
4.626589844,1.541709855
5.332634418,5.00190721
4.464700192,3.401544039
4.744459921,3.545363943
3.995921718,5.689976161
4.150538757,3.072196369
5.688481781,2.0795856
8.346667811,5.326894616
3.522104135,4.892607472
4.524608427,4.118319403
3.819109725,4.06098902
6.358242609,6.441060859
3.788690277,5.322994171
2.94446124,3.13039003
2.847107414,4.823397469
4.306617034,3.799014253
3.913039666,3.957828059
4.485583427,5.553957845
3.231059872,5.423993496
4.788631974,4.136591177
2.10455953,2.894886796
4.447590655,3.765501241
4.061894798,3.46923529
2.09798859,3.068483362
6.008314778,2.285611366
6.577350733,5.751488223
5.168661935,8.290829076
4.593880388,3.021221808
4.961526576,0.666163638
4.576959744,5.58787405
2.540784283,6.355763437
3.766392472,7.477722803
5.741510048,4.209122529
2.498422053,4.360454053
3.885418629,2.397486442
2.543709251,1.929271133
3.621890445,7.187408419
4.408744182,4.176197022
7.801338747,3.27762189
5.364439611,1.910031571
1.990422581,2.706522946
4.867149631,7.293042763
3.980887095,6.143618662
4.970664751,2.485343155
3.782708009,3.22354872
4.160799658,7.381354653
6.173820422,2.886727446
2.917454306,4.587005413
7.903492558,4.544154851
7.073373814,3.761138679
3.172067083,2.649605372
3.457952007,3.884703577
6.266989135,2.770657941
4.652916114,1.803064709
3.260122999,2.982904891
7.018421798,2.002985244
5.59434133,3.748728334
6.224062601,1.471839492
7.195246539,5.108293088
3.704378428,6.114269088
3.076104704,4.231390835
4.890329746,2.768020955
3.438486265,4.326055481
3.403691427,3.453283547
4.721835243,2.55585553
2.850160282,3.120424854
4.243149935,3.396701414
6.720363275,2.921886269
5.258658466,4.850837525
5.124830567,2.6901771819999998
2.229089641,2.089651633
4.323277629,2.186025476
4.487178185,4.703962698
8.496977352,4.536060687
3.357008726,6.307274582
2.778927218,3.888506981
4.744141257,2.514389382
4.157746676,2.597644604
4.244914204,6.294496853
4.622061752,4.190589322
4.547418247,2.113932128
4.293471406,3.872383958
4.10544298,3.581478723
2.405290143,2.875802398
3.82930928,5.782501901
2.844585193,8.884695736
4.285039048,2.854680354
3.493673852,3.942761363
2.390258269,4.613682642
5.664413086,4.733700972
5.047768468,2.151115517
2.50512034,6.153430669
2.413730027,6.023871533
4.261039468,2.12874963
2.547242497,4.980115506
7.417257618,5.392320191
2.808117852,3.941209538
6.488173476,1.475145144
3.690980923,4.122784268
4.323522135,3.633603573
6.728327323,5.44060834
5.062316731,3.648760231
4.38621727,2.690354629
7.415381705,4.239247353
4.992708286,3.010627392
5.285804555,4.52383024
4.209391546,6.728829451
3.919341786,6.523467122
3.633032287,4.764149248
3.834510427,3.522650186
4.499534918,3.02717707
4.945570762,2.183894683
4.998256499,4.984270084
6.019057472,3.045657336
4.975573812,1.406262434
2.503813901,4.259468466
4.9153382390000004,1.790498085
1.984329077,3.623967492
5.334476697,5.403713408
3.674126858,1.867530088
8.915335729,6.73217204
2.468908375,2.863694553
2.509162589,2.621328778
7.751288442,9.210116757
2.368298299,2.952560761
4.875441372,8.970676664
3.8022217720000002,5.494128832
4.723947251,3.139588822
5.482489763,7.345106025
7.045170431,1.309486249
5.403614037,1.527846726
5.424720068,3.466597946
3.692874939,2.726179829
5.702152275,4.249795839
5.964944218,5.348404871
3.722342038,4.744336775
5.978692818,3.393637499
10.70635586,3.135691905
6.518598562,5.730032186
3.494720675,6.480546101
5.18872239,4.39883443
4.739436797,7.909558159
4.122293695,2.011969547
2.426533463,4.61217477
2.80065113,3.06539842
6.213566666,3.883671958
4.620984166,5.354610111
5.498502689,2.917929934
3.835252218,2.392105723
4.163010438,7.792880431
2.807050311,4.910377414
3.721288017,3.584441428
4.058627309,2.48694555
4.639220585,5.934045473
3.339624484,3.994897068
4.425165192,3.666190528
4.985550838,1.622969066
4.359632526,4.054174724
2.108144847,5.368163948
1.996136019,4.335044778
6.522009894,6.26584874
3.41708763,5.845815324
2.95586317,5.647700753
5.498163787,4.984761238
7.086201477,5.366985421
5.853970345,1.339699137
5.007305535,5.788214153
1.732926335,4.937841084
3.674655887,3.424619767
2.98986902,5.215182138
5.230421742,1.108183494
5.141086569,3.339182771
5.111638216,6.511130334
5.407397572,5.899524762
1.605654051,3.411061209
2.43347822,3.460966875
3.396302066,4.018450902
3.198913284,6.213460563
3.489824753,3.53317303
3.307335968,5.129028277
3.510640328,3.797124975
2.877205329,2.458629423
4.400770489,3.189537805
6.59625652,4.586718812
1.857902908,3.071261612
3.142731486,4.668666669
3.699706761,3.909837524
5.743660024,1.260492006
1.972468766,6.223814137
3.012356615,3.716035914
3.904233262,2.513980201
4.840421427,1.432435701
2.413397994,7.292168715
4.354160246,2.107252783
4.266692911,5.065071512
6.414164569,4.47032923
3.512032512,1.908675321
3.875347802,5.336017874
2.031400515,6.859100882
4.42642078,1.693563057
5.482392753,3.920624287
3.850067383,3.882289718
5.992096801,1.719253503
2.511205861,2.836428985
5.022497895,2.834687874
4.202445017,7.089426458
5.911752612,2.862321307
3.431813691,4.920687304
5.446897763,1.965258063
5.067800939,3.864649924
5.156443554,4.0557556
3.990225466,3.04031585
2.792537198,3.534228839
4.439464236,6.216290581
5.698165672,10.64743482
4.65695946,3.05828037
4.807386971,3.896720313
2.634946306,4.47728631
4.374300586,3.050111692
3.745169277,5.266501455
3.629488296,6.301369546
4.004235469,5.483944129
1.710553843,4.814505709
4.443279861,4.742104713
2.710252231,4.580558366
4.568984627,4.91310414
3.23717239,6.485561631
7.737396663,2.193450597
4.275674572,2.55990693
3.577355589,5.493999558
7.402825836,2.0214797
4.227089481,4.416433835
4.725765549,5.531004275
3.945369202,4.78327689
3.62035485,3.378169253
7.162343488,3.694984522
7.056876001,7.170387812
6.460117727,6.433114283
6.571660808,4.228663571
3.984723988,2.843037551
5.60888916,5.527742774
3.471890328,2.338587346
5.845293848,4.501765766
6.073680891,2.678645453
3.777167351,3.387154349
3.220440741,NA
6.348092547,NA
8.699518389,NA
2.621277617,NA
3.560598069,NA
3.401056031,NA
4.865682387,NA
6.609129399,NA
6.042499262,NA
3.909565882,NA
5.764360838,NA
4.678707149,NA
6.025031084,NA
2.787229592,NA
0.932800475,NA
3.157564151,NA
1.5483044,NA
5.017203667,NA
6.874388902,NA
4.558517941,NA
7.175102208,NA
4.079900109,NA
5.243884521,NA
4.913014644,NA
5.473949277,NA
3.424906355,NA
7.187950726,NA
4.816425293,NA
5.600938293,NA
7.421269326,NA
4.144259223,NA
