person,scores
Darc,923.0218
Darc,1007.0961
Darc,720.1113
Darc,1155.1744
Darc,1003.4576
Darc,1279.5636
Darc,1000.6963
Darc,950.3335
Darc,910.1354
Darc,1039.4285
Darc,1169.9193
Darc,913.3137
Darc,999.803
Darc,917.8717
Darc,1037.0396
Darc,1132.3803
Darc,1094.1966
Darc,1123.7588
Darc,948.1726
Darc,833.561
Darc,748.0702
Darc,1062.8098
Darc,1005.0847
Darc,942.0306
Darc,855.5108
Darc,935.929
Darc,986.3322
Darc,1073.9677
Darc,980.2825
Darc,961.577
Darc,934.8481
Darc,1011.6437
Darc,1044.3733
Darc,999.2701
Darc,1000.5942
Darc,1012.1821
Darc,924.9678
Darc,1147.6324
Darc,851.7604
Darc,1176.891
Darc,1044.7274
Darc,1110.7107
Darc,922.6558
Darc,874.4848
Darc,1056.3803
Darc,922.1326
Darc,936.5917
Darc,899.8763
Darc,1012.1868
Darc,883.4529
Darc,960.6141
Darc,1119.1893
Darc,919.2782
Darc,1172.7496
Darc,912.1935
Darc,981.5734
Darc,1109.9233
Darc,1082.3778
Darc,1098.4353
Darc,980.1273
Darc,1077.7664
Darc,1092.0431
Darc,879.3786
Darc,947.5607
Darc,1018.0193
Darc,1035.1759
Darc,1006.3913
Darc,889.9067
Darc,883.9898
Darc,1016.0567
Darc,1069.2093
Darc,1087.0502
Darc,1135.3379
Darc,1008.2985
Darc,1122.1967
Darc,1088.3384
Darc,1033.1636
Darc,1006.7907
Darc,1117.088
Darc,1065.0825
Darc,972.7155
Darc,917.1038
Darc,1110.7529
Darc,952.4397
Darc,1054.1764
Darc,1121.5081
Darc,965.9018
Darc,965.9641
Darc,1005.0181
Darc,1115.0949
Darc,831.8906
Darc,1176.6775
Darc,901.2538
Darc,902.0374
Darc,930.4679
Darc,1009.8736
Darc,1091.4307
Darc,1046.5706
Darc,823.6777
Darc,1036.8802
Darc,929.0565
Darc,1019.4336
Darc,983.9043
Darc,1174.701
Darc,1059.681
Darc,1067.309
Darc,1022.1729
Darc,905.4026
Darc,972.4331
Darc,827.6001
Darc,828.8738
Darc,1030.8002
Darc,818.896
Darc,1052.9585
Darc,1075.2835
Darc,808.7356
Darc,1004.6128
Darc,1072.9604
Darc,1157.1093
Darc,1079.3378
Darc,787.5525
Darc,998.6472
Darc,1026.2976
Darc,810.7417
Darc,1042.7367
Darc,1079.1023
Darc,1178.5846
Darc,1145.5185
Darc,1113.638
Darc,1035.4477
Darc,997.9819
Darc,1050.2347
Darc,795.0104
Darc,860.0844
Darc,946.2606
Darc,663.1203
Darc,1159.1609
Darc,1112.8888
Darc,1020.1967
Darc,955.5395
Darc,839.4739
Darc,890.2581
Darc,1005.6647
Darc,1090.4258
Darc,850.7678
Darc,901.6915
Darc,1044.8449
Darc,964.0379
Darc,1089.5007
Darc,1079.0878
Darc,1056.532
Darc,1004.4473
Darc,900.2323
Darc,1073.218
Darc,935.5454
Darc,1040.3501
Darc,994.3027
Darc,924.8344
Darc,936.2877
Darc,972.1578
Darc,1164.5726
Darc,1128.0307
Darc,986.0162
Darc,1036.1252
Darc,928.6556
Darc,1101.5353
Darc,838.0667
Darc,1022.2546
Darc,1031.8045
Darc,892.7521
Darc,1127.2252
Darc,972.3221
Darc,1118.9197
Darc,1022.9086
Darc,1000.7192
Darc,1075.1475
Darc,918.7692
Darc,922.3689
Darc,1011.6475
Darc,1063.4127
Darc,998.0786
Darc,1009.158
Darc,979.3495
Darc,999.3933
Darc,1169.6747
Darc,910.7965
Darc,875.572
Darc,1057.8294
Darc,1012.9157
Darc,1097.593
Darc,1152.8175
Darc,1005.4049
Darc,1132.9993
Darc,983.5914
Darc,1005.4522
Darc,959.0963
Darc,869.1215
Darc,1026.4421
Darc,1114.1873
Darc,1119.6039
Darc,1034.7079
Darc,833.7431
Darc,1113.4134
Darc,929.1892
Darc,1146.1441
Darc,1082.7839
Darc,1028.803
Darc,1127.6087
Darc,1057.5081
Darc,1031.7677
Darc,1015.813
Darc,770.7753
Darc,1029.0254
Darc,1115.9903
Darc,906.485
Darc,897.3334
Darc,1013.6379
Darc,1103.3932
Darc,908.2485
Darc,977.5647
Darc,1001.7472
Darc,997.5642
Darc,983.4648
Darc,944.9028
Darc,1036.7303
Darc,990.8844
Darc,922.3228
Darc,990.6352
Darc,984.3442
Darc,1022.7065
Darc,1182.5544
Darc,955.4751
Darc,998.2577
Darc,937.9628
Darc,1041.6515
Darc,953.7848
Darc,930.0779
Darc,1187.6258
Darc,894.5939
Darc,943.2102
Darc,1102.9704
Darc,985.909
Darc,1000.193
Darc,823.0982
Darc,950.099
Darc,953.1188
Darc,1042.4756
Darc,1028.3524
Darc,1144.1104
Darc,1062.4205
Darc,1017.0778
Darc,902.3442
Darc,873.1769
Darc,900.1193
Darc,1084.4132
Darc,1008.7835
Darc,974.0952
Darc,1122.6169
Darc,918.2029
Darc,1034.544
Darc,1054.9508
Darc,1008.1421
Darc,847.1333
Darc,954.5346
Darc,1030.0877
Darc,852.2845
Darc,942.2163
Darc,963.1247
Darc,908.1277
Darc,724.7952
Darc,1036.6439
Darc,995.2398
Darc,1110.7622
Darc,1041.6224
Darc,1026.3656
Darc,1094.1893
Darc,1076.6249
Darc,1150.3969
Darc,1196.9624
Darc,909.8658
Darc,856.5856
Darc,1055.1801
Darc,954.2925
Darc,966.0243
Darc,951.8018
Darc,1128.6684
Darc,918.3671
Darc,963.9319
Darc,966.9553
Darc,900.5698
Darc,951.3167
Darc,1043.6516
Darc,1085.7163
Darc,871.6329
Darc,951.7742
Darc,1050.3486
Darc,723.5729
Darc,908.8623
Darc,931.7672
Darc,1021.6844
Darc,965.934
Darc,952.7137
Darc,944.6575
Darc,962.9435
Darc,1015.4795
Darc,1114.5966
Darc,1146.4469
Darc,1012.3507
Darc,967.516
Darc,960.84760000000006
Darc,1054.8784
Darc,1002.6363
Darc,1066.7095
Darc,910.6474
Darc,938.2593
Darc,1067.2932
Darc,894.387
Darc,1192.2035
Darc,991.0601
Darc,1074.4725
Darc,924.0086
Darc,958.305
Darc,1093.1731
Darc,1124.79
Darc,1086.8065
Darc,857.9994
Darc,926.4291
Darc,1155.1749
Darc,1142.078
Darc,1039.7244
Darc,1057.7729
Darc,1137.376
Darc,1146.8015
Darc,844.368
Darc,1041.8165
Darc,1142.9519
Darc,981.689
Darc,843.8228
Darc,918.2956
Darc,1004.4935
Darc,1058.5055
Darc,1086.1256
Darc,953.2983
Darc,917.36
Darc,852.4721
Darc,851.5145
Darc,891.4895
Darc,967.7532
Darc,1100.4956
Darc,986.7241
Darc,768.6687
Darc,824.4792
Darc,1020.8108
Darc,971.3692
Darc,1185.4975
Darc,1050.3747
Darc,1076.6589
Darc,1151.8009
Darc,1024.0027
Darc,1151.3353
Darc,1122.6063
Darc,967.5353
Darc,1191.1616
Darc,919.7505
Darc,821.1669
Darc,1050.2346
Darc,967.768
Darc,952.0014
Darc,936.406
Darc,972.8152
Darc,1134.6377
Darc,1231.4946
Darc,1060.4243
Darc,784.6462
Darc,900.277
Darc,883.2731
Darc,1211.9069
Darc,927.1296
Darc,950.9252
Darc,818.9904
Darc,985.5003
Darc,997.6704
Darc,1088.5237
Darc,1091.4454
Darc,761.1808
Darc,1060.094
Darc,914.0316
Darc,1009.6221
Darc,1084.1978
Darc,995.1664
Darc,684.6102
Darc,1025.4281
Darc,993.5729
Darc,1175.8562
Darc,1016.8116
Darc,977.9449
Darc,1049.8831
Darc,967.3651
Darc,1068.5287
Darc,988.6425
Darc,922.1227
Darc,1005.9395
Darc,1054.5156
Darc,1011.2304
Darc,1083.2197
Darc,1051.4352
Darc,1146.3832
Darc,1010.8048
Darc,1243.4539
Darc,1026.0278
Darc,901.2678
Darc,916.7951
Darc,869.7533
Darc,944.2686
Darc,1045.9137
Darc,927.8194
Darc,1181.3896
Darc,832.5095
Darc,1196.2576
Darc,991.4773
Darc,772.8045
Darc,1018.7107
Darc,939.8262
Darc,962.5956
Darc,1154.626
Darc,992.5549
Darc,952.5972
Darc,873.9346
Darc,1202.4914
Darc,983.7025
Darc,982.2289
Darc,1030.8102
Darc,1073.6231
Darc,993.5427
Darc,909.9375
Darc,890.2006
Darc,918.3122
Darc,991.8802
Darc,1002.9015
Darc,902.3257
Darc,967.1536
Darc,1136.8046
Darc,1126.1562
Darc,1043.2121
Darc,1001.777
Darc,1194.6807
Darc,953.9573
Darc,1079.975
Darc,847.1561
Darc,917.3123
Darc,931.7104
Darc,922.6703
Darc,1049.5597
Darc,941.7169
Darc,1158.5139
Darc,849.4473
Darc,1016.6498
Darc,1077.0944
Darc,1055.1105
Darc,902.3712
Darc,1174.1614
Darc,952.7517
Darc,1018.5438
Darc,885.0611
Darc,1072.1736
Darc,806.6152
Darc,967.8234
Darc,989.177
Darc,960.9511
Darc,953.0037
Darc,1065.1614
Darc,1082.0663
Darc,870.2511
Darc,993.1532
Darc,1062.6042
Darc,1158.6412
Darc,1052.2628
Darc,1115.8355
Darc,1005.1373
Darc,1090.167
Darc,1247.7463
Darc,772.1097
Darc,920.6513
Darc,915.4618
Darc,956.3144
Darc,969.2611
Darc,1009.4749
Darc,1011.1965
Darc,1205.7169
Darc,1045.6834
Darc,1253.6892
Darc,984.9366
Darc,1000.2171
Darc,886.1047
Darc,860.2235
Darc,1016.5565
Darc,905.9403
Darc,1083.8006
Darc,930.8667
Darc,961.9471
Darc,1013.6168
Darc,1007.573
Darc,1086.1435
Darc,1192.1936
Darc,1120.3823
Darc,1107.4593
Darc,950.8322
Darc,979.4246
Darc,930.4542
Darc,996.6942
Darc,961.0789
Darc,899.1491
Darc,1058.9527
Darc,943.1197
Darc,959.6442
Darc,1083.8406
Darc,948.4873
Darc,1112.8794
Darc,1085.645
Darc,945.6872
Darc,976.5446
Darc,873.7245
Darc,895.6332
Darc,859.4823
Darc,1017.9213
Darc,802.4578
Darc,1015.4029
Darc,945.1569
Darc,873.6806
Darc,1169.2156
Darc,933.0014
Darc,992.2574
Darc,1058.4276
Darc,1006.3598
Darc,1092.4665
Darc,1041.1437
Darc,1314.8711
Darc,1210.8217
Darc,949.8098
Darc,1167.8824
Darc,910.3879
Darc,892.8791
Darc,1009.3247
Darc,912.122
Darc,912.9691
Darc,1014.576
Darc,1029.3195
Darc,1168.5335
Darc,953.2964
Darc,971.6659
Darc,1055.5377
Darc,934.1295
Darc,940.1332
Darc,1183.8573
Darc,997.4926
Darc,880.1605
Darc,1071.4746
Darc,1108.9138
Darc,1054.0928
Darc,1054.4285
Darc,1109.5838
Darc,868.9155
Darc,1034.2303
Darc,1106.723
Darc,949.2774
Darc,1004.6489
Darc,1045.1808
Darc,878.935
Darc,906.4393
Darc,835.7396
Darc,866.1678
Darc,1095.4331
Darc,1232.7623
Darc,1115.688
Darc,1084.063
Darc,1046.8225
Darc,872.7607
Darc,830.038
Darc,1025.0357
Darc,1045.1457
Darc,987.1951
Darc,836.6227
Darc,1131.647
Darc,1107.4829
Darc,1072.5943
Darc,911.938
Darc,1155.0835
Darc,827.3795
Darc,1012.0464
Darc,990.8633
Darc,1114.1739
Darc,955.5232
Darc,920.8987
Darc,992.084
Darc,1143.5535
Darc,928.6756
Darc,1127.9414
Darc,985.1056
Darc,975.8939
Darc,1030.981
Darc,1017.2894
Darc,1056.2715
Darc,1174.0796
Darc,991.255
Darc,1086.3623
Darc,1079.4254
Darc,1023.9712
Darc,821.6426
Darc,1182.307
Darc,1072.1777
Darc,940.3273
Darc,981.8261
Darc,1102.7256
Darc,787.0643
Darc,911.717
Darc,969.3405
Darc,980.4656
Darc,894.3772
Darc,1046.8883
Darc,973.001
Darc,755.9698
Darc,1040.1876
Darc,1144.9517
Darc,1052.3044
Darc,997.1101
Darc,1097.2457
Darc,913.7702
Darc,1136.4119
Darc,941.2075
Darc,1057.259
Darc,969.0638
Darc,1029.0921
Darc,942.4047
Darc,1131.5792
Darc,1024.4654
Darc,1053.9802
Darc,945.5175
Darc,1008.0581
Darc,1085.9115
Darc,963.3651
Darc,944.9197
Darc,1129.729
Darc,897.3935
Darc,843.4214
Darc,1078.0717
Darc,1045.6217
Darc,931.1523
Darc,993.423
Darc,1060.2496
Darc,993.0236
Darc,928.0275
Darc,1082.4005
Darc,898.9459
Darc,1134.2944
Darc,980.5891
Darc,1028.103
Darc,1084.578
Darc,1066.0695
Darc,1087.4236
Darc,940.5969
Darc,1057.2589
Darc,946.7664
Darc,1065.2665
Darc,894.0645
Darc,1047.932
Darc,1155.4423
Darc,987.6633
Darc,1048.2661
Darc,1288.9717
Darc,1098.9621
Darc,1069.9468
Darc,1127.9768
Darc,887.9063
Darc,1021.3159
Darc,1167.3807
Darc,839.6098
Darc,1114.3497
Darc,1016.6679
Darc,824.4088
Darc,931.3445
Darc,856.2804
Darc,1073.6479
Darc,1045.3238
Darc,1194.117
Darc,975.6467
Darc,949.002
Darc,893.4386
Darc,1107.9421
Darc,1128.4031
Darc,1136.3199
Darc,1173.7189
Darc,1118.0177
Darc,1114.4767
Darc,1037.7384
Darc,959.8169
Darc,1098.8893
Darc,1055.8699
Darc,923.6922
Darc,925.6846
Darc,981.2289
Darc,1174.9256
Darc,1046.4234
Darc,870.1755
Darc,1133.122
Darc,876.0801
Darc,887.0537
Darc,1023.5359
Darc,979.0027
Darc,813.7054
Darc,1011.2115
Darc,1079.5743
Darc,988.396
Darc,999.2342
Darc,1028.9447
Darc,1076.9879
Darc,1015.5855
Darc,1117.6684
Darc,1051.9301
Darc,1078.918
Darc,1042.7956
Darc,1040.0944
Darc,1031.8412
Darc,695.6846
Darc,1035.8153
Darc,1001.9162
Darc,1158.0291
Darc,1153.2921
Darc,966.91
Darc,1202.1572
Darc,978.9892
Darc,1046.2119
Darc,1035.8137
Darc,940.2239
Darc,844.8059
Darc,1100.5631
Darc,1207.5099
Darc,1174.8862
Darc,847.4752
Darc,894.4908
Darc,788.8127
Darc,1209.7727
Darc,1182.6005
Darc,874.2409
Darc,1086.0834
Darc,1030.2247
Darc,900.3709
Darc,946.6665
Darc,930.8371
Darc,1058.2988
Darc,1028.6581
Darc,980.7698
Darc,838.6814
Darc,1134.4797
Darc,839.8384
Darc,1024.9312
Darc,1083.6275
Darc,806.4087
Darc,1090.6514
Darc,1113.5699
Darc,1028.5881
Darc,1087.1247
Darc,921.8763
Darc,969.8608
Darc,1055.7043
Darc,984.6995
Darc,1015.4533
Darc,940.8743
Darc,974.3512
Darc,990.7214
Darc,1025.175
Darc,828.399
Darc,1155.0333
Darc,1062.1149
Darc,1072.5135
Darc,927.2495
Darc,953.0652
Darc,1040.1721
Darc,887.0824
Darc,1083.9593
Darc,1005.5619
Darc,1018.9388
Darc,1151.811
Darc,1134.1119
Darc,1033.4265
Darc,944.0482
Darc,883.1557
Darc,889.8885
Darc,1110.9847
Darc,1017.8374
Darc,950.5269
Darc,986.0651
Darc,911.6586
Darc,983.0073
Darc,985.5058
Darc,1002.7372
Darc,1050.3624
Darc,1038.6593
Darc,1205.0296
Darc,1102.2503
Darc,1010.3557
Darc,1015.2077
Darc,958.3608
Darc,1003.3656
Darc,999.1027
Darc,881.4218
Darc,1097.8379
Darc,993.2644
Darc,1103.4625
Darc,855.3987
Darc,991.0566
Darc,1015.9264
Darc,904.4536
Darc,1174.7467
Darc,961.3912
Darc,989.8092
Darc,817.4864
Darc,936.1596
Darc,1055.5552
Darc,851.6598
Darc,936.7935
Darc,1092.4626
Darc,931.4738
Darc,1030.9564
Darc,880.3863
Darc,848.5285
Darc,1073.2199
Darc,1158.1127
Darc,1172.2823
Darc,900.8749
Darc,1080.9864
Darc,826.0165
Darc,1109.6118
Darc,1023.2415
Darc,1097.4423
Darc,1122.8607
Darc,1083.5461
Darc,1021.5638
Darc,993.8223
Darc,1045.6637
Darc,908.5624
Darc,990.4498
Darc,1069.2722
Darc,1252.6999
Darc,979.1692
Darc,1135.3834
Darc,942.8135
Darc,898.4377
Darc,889.81
Darc,1033.2058
Darc,1077.9105
Darc,927.0199
Darc,1137.4067
Darc,1004.8053
Darc,911.3248
Darc,997.8069
Darc,1087.0701
Darc,911.5497
Darc,894.148
Darc,1172.6284
Darc,1033.3119
Darc,1314.0131
Darc,1258.8484
Darc,1078.7078
Darc,1004.7007
Darc,1134.0169
Darc,824.5433
Darc,1036.2376
Darc,946.0745
Darc,1071.4931
Darc,1104.4003
Darc,1092.1369
Darc,899.4637
Darc,1078.2948
Darc,1210.2081
Darc,935.6619
Darc,969.9096
Darc,1129.5835
Darc,1071.9226
Darc,1126.1443
Darc,986.5549
Darc,867.1297
Darc,935.7529
Darc,1122.3868
Darc,1113.1787
Darc,1024.291
Darc,924.4215
Darc,1127.2115
Darc,996.8092
Darc,946.9286
Darc,1093.7697
Darc,1020.7139
Darc,907.559
Darc,1027.6312
Darc,1007.7083
Darc,965.9854
Darc,1079.044
Darc,856.682
Darc,1036.6928
Darc,1100.726
Darc,1102.0666
Darc,906.2534
Darc,1003.5696
Darc,999.2058
Darc,733.7053
Darc,1181.1996
Darc,902.2847
Darc,811.9869
Darc,860.9067
Darc,1159.2017
Darc,972.4926
Darc,1112.6133
Darc,1157.4578
Darc,1092.5907
Darc,1107.7453
Darc,924.2462
Darc,1103.4678
Darc,1156.1106
Darc,1055.7108
Darc,826.3094
Darc,1132.0326
Darc,803.4707
Darc,1069.6561
Darc,890.4395
Darc,1089.9872
Darc,1009.6867
Darc,973.8416
Darc,1000.914
Darc,1020.0773
Darc,1033.1331
Darc,942.0626
Darc,1065.835
Darc,1141.1424
Darc,899.623
Darc,1058.5769
Darc,1238.5862
Darc,1287.5995
Darc,966.7039
Darc,1049.0457
Darc,1249.5777
Darc,880.6155
Darc,998.128
Darc,815.9025
Darc,1077.3331
Darc,991.2169
Darc,947.7018
Darc,1101.1374
Darc,977.0201
Darc,963.6634
Darc,1018.0002
Darc,876.8494
Darc,761.7451
Darc,918.3999
Darc,783.0313
Darc,954.1063
Darc,1009.0553
Darc,1123.7084
Darc,1067.966
Darc,1062.6199
Darc,1149.9432
Darc,971.4228
Darc,1248.2374
Darc,951.7011
Darc,1232.4337
Darc,866.1425
Darc,877.9481
Darc,935.6322
Darc,905.1149
Darc,1098.7146
Darc,942.0394
Darc,991.9064
Darc,912.5114
Darc,930.2293
Darc,1101.2857
Darc,980.5402
Darc,924.1275
Darc,1029.426
Darc,993.5272
Darc,1122.1933
Darc,806.5506
Darc,1046.138
Darc,1055.6006
Darc,1072.3314
Darc,975.4172
Darc,929.805
Darc,1015.1624
Darc,945.0137
Darc,1071.8208
Darc,898.3703
Darc,907.4569
Darc,930.3116
Darc,815.2593
Darc,1073.9213
Darc,997.3414
Darc,1019.6176
Darc,1133.8644
Darc,908.7889
Darc,1084.4253
Darc,1005.6888
Darc,1130.6554
Darc,922.0164
Qpawnz,665.7621
Qpawnz,1046.3717
Qpawnz,991.6813
Qpawnz,754.3453
Qpawnz,873.6785
Qpawnz,1092.7736
Qpawnz,816.6937
Qpawnz,714.87
Qpawnz,1239.7861
Qpawnz,809.7674
Qpawnz,908.4452
Qpawnz,925.1929
Qpawnz,723.0381
Qpawnz,1054.3298
Qpawnz,654.8529
Qpawnz,786.3419
Qpawnz,750.7257
Qpawnz,816.0529
Qpawnz,621.5655
Qpawnz,888.4937
Qpawnz,1046.4786
Qpawnz,969.2442
Qpawnz,910.8055
Qpawnz,939.6199
Qpawnz,946.2629
Qpawnz,842.5104
Qpawnz,950.5044
Qpawnz,578.4819
Qpawnz,981.6077
Qpawnz,1272.527
Qpawnz,622.4085
Qpawnz,799.3546
Qpawnz,946.7101
Qpawnz,960.8498
Qpawnz,943.0875
Qpawnz,929.241
Qpawnz,1107.3145
Qpawnz,753.4021
Qpawnz,658.1196
Qpawnz,1011.5513
Qpawnz,804.3566
Qpawnz,1027.897
Qpawnz,648.9313
Qpawnz,691.3514
Qpawnz,667.713
Qpawnz,1037.1778
Qpawnz,746.0356
Qpawnz,562.2405
Qpawnz,969.9629
Qpawnz,930.1513
Qpawnz,772.6184
Qpawnz,818.7845
Qpawnz,918.5518
Qpawnz,890.27
Qpawnz,712.754
Qpawnz,1221.6204
Qpawnz,759.2948
Qpawnz,1049.8947
Qpawnz,719.873
Qpawnz,1075.3192
Qpawnz,985.0466
Qpawnz,694.7065
Qpawnz,931.058
Qpawnz,1095.0061
Qpawnz,1079.1464
Qpawnz,1047.0615
Qpawnz,932.4804
Qpawnz,991.6848
Qpawnz,920.237
Qpawnz,620.7363
Qpawnz,789.6771
Qpawnz,753.1197
Qpawnz,804.4544
Qpawnz,594.4486
Qpawnz,795.2842
Qpawnz,992.8729
Qpawnz,398.2808
Qpawnz,749.7482
Qpawnz,681.926
Qpawnz,763.7684
Qpawnz,871.2792
Qpawnz,879.2724
Qpawnz,1149.9655
Qpawnz,1020.9117
Qpawnz,776.7788
Qpawnz,1267.0311
Qpawnz,889.7538
Qpawnz,977.454
Qpawnz,1142.2595
Qpawnz,847.9044
Qpawnz,760.5634
Qpawnz,657.8004
Qpawnz,1199.4472
Qpawnz,927.4639
Qpawnz,732.1946
Qpawnz,684.8887
Qpawnz,900.496
Qpawnz,564.6228
Qpawnz,737.4888
Qpawnz,725.0426
Qpawnz,839.8474
Qpawnz,497.434
Qpawnz,468.2321
Qpawnz,870.0106
Qpawnz,1039.8104
Qpawnz,726.6
Qpawnz,745.383
Qpawnz,939.1735
Qpawnz,839.2741
Qpawnz,991.5415
Qpawnz,884.2181
Qpawnz,734.8765
Qpawnz,1398.7719
Qpawnz,741.1061
Qpawnz,788.3118
Qpawnz,610.3486
Qpawnz,655.8194
Qpawnz,1127.6914
Qpawnz,744.5253
Qpawnz,1270.5121
Qpawnz,1008.9385
Qpawnz,1084.9067
Qpawnz,825.6376
Qpawnz,864.0449
Qpawnz,838.3328
Qpawnz,1010.0286
Qpawnz,464.9692
Qpawnz,914.6518
Qpawnz,996.3032
Qpawnz,1103.1038
Qpawnz,1095.7637
Qpawnz,645.6023
Qpawnz,939.2079
Qpawnz,1031.038
Qpawnz,805.8098
Qpawnz,1201.0735
Qpawnz,935.9447
Qpawnz,1205.8525
Qpawnz,454.4968
Qpawnz,1126.3371
Qpawnz,922.7911
Qpawnz,1056.054
Qpawnz,827.9288
Qpawnz,1235.3546
Qpawnz,870.9753
Qpawnz,854.9865
Qpawnz,641.3229
Qpawnz,1189.9478
Qpawnz,1014.4329
Qpawnz,663.7564
Qpawnz,1015.118
Qpawnz,954.132
Qpawnz,631.8255
Qpawnz,635.409
Qpawnz,674.2022
Qpawnz,1028.4954
Qpawnz,983.2358
Qpawnz,1053.9324
Qpawnz,560.6525
Qpawnz,823.7212
Qpawnz,921.6718
Qpawnz,1116.3179
Qpawnz,960.2086
Qpawnz,648.7338
Qpawnz,921.8799
Qpawnz,949.5791
Qpawnz,972.0395
Qpawnz,1347.2103
Qpawnz,1083.6185
Qpawnz,704.2459
Qpawnz,1015.4718
Qpawnz,940.8305
Qpawnz,877.3579
Qpawnz,810.3643
Qpawnz,743.7662
Qpawnz,945.5428
Qpawnz,790.7433
Qpawnz,992.1438
Qpawnz,854.5236
Qpawnz,612.7857
Qpawnz,674.5712
Qpawnz,691.7862
Qpawnz,787.2879
Qpawnz,605.309
Qpawnz,724.9974
Qpawnz,765.0992
Qpawnz,1305.4959
Qpawnz,1023.3546
Qpawnz,846.7691
Qpawnz,1005.0771
Qpawnz,1066.7015
Qpawnz,995.28510000000006
Qpawnz,879.2268
Qpawnz,828.3973
Qpawnz,965.173
Qpawnz,1044.2971
Qpawnz,1123.9103
Qpawnz,989.8414
Qpawnz,1056.5443
Qpawnz,951.5329
Qpawnz,882.2719
Qpawnz,1092.5712
Qpawnz,1102.4674
Qpawnz,656.4787
Qpawnz,855.6869
Qpawnz,748.8165
Qpawnz,654.7539
Qpawnz,1139.1916
Qpawnz,1088.8313
Qpawnz,924.8038
Qpawnz,979.5715
Qpawnz,842.1568
Qpawnz,1091.3816
Qpawnz,1044.6783
Qpawnz,983.9447
Qpawnz,328.9883
Qpawnz,682.2142
Qpawnz,751.7681
Qpawnz,522.5766
Qpawnz,545.2952
Qpawnz,607.2172
Qpawnz,1183.7254
Qpawnz,1147.3207
Qpawnz,1000.8313
Qpawnz,857.3901
Qpawnz,848.7731
Qpawnz,806.9546
Qpawnz,1234.7967
Qpawnz,848.1845
Qpawnz,577.7187
Qpawnz,1105.2558
Qpawnz,972.2966
Qpawnz,764.2109
Qpawnz,1218.6702
Qpawnz,1028.4125
Qpawnz,335.254
Qpawnz,801.727
Qpawnz,695.5215
Qpawnz,890.7303
Qpawnz,1121.3776
Qpawnz,889.3294
Qpawnz,708.8232
Qpawnz,612.7894
Qpawnz,896.1657
Qpawnz,809.6603
Qpawnz,1081.5682
Qpawnz,1148.2088
Qpawnz,844.2944
Qpawnz,828.9429
Qpawnz,1390.4912
Qpawnz,1223.8459
Qpawnz,664.6247
Qpawnz,1091.521
Qpawnz,921.3264
Qpawnz,1026.0237
Qpawnz,829.09760000000006
Qpawnz,805.638
Qpawnz,712.0183
Qpawnz,1105.3377
Qpawnz,1048.8457
Qpawnz,732.5309
Qpawnz,1311.2569
Qpawnz,1186.2995
Qpawnz,786.1792
Qpawnz,731.0098
Qpawnz,1087.6766
Qpawnz,1102.2195
Qpawnz,1028.3486
Qpawnz,899.0873
Qpawnz,767.051
Qpawnz,850.3857
Qpawnz,1141.4812
Qpawnz,962.2905
Qpawnz,1130.5429
Qpawnz,939.347
Qpawnz,1079.6063
Qpawnz,908.5579
Qpawnz,643.5246
Qpawnz,781.3778
Qpawnz,1506.3296
Qpawnz,893.2847
Qpawnz,886.0223
Qpawnz,1107.5328
Qpawnz,761.0384
Qpawnz,1197.2508
Qpawnz,1046.8072
Qpawnz,774.8638
Qpawnz,1312.6479
Qpawnz,1153.0511
Qpawnz,1191.7129
Qpawnz,781.9019
Qpawnz,873.5629
Qpawnz,867.6522
Qpawnz,921.2704
Qpawnz,1177.185
Qpawnz,405.4981
Qpawnz,1281.628
Qpawnz,835.9936
Qpawnz,1042.771
Qpawnz,816.1887
Qpawnz,936.3069
Qpawnz,882.1492
Qpawnz,822.3982
Qpawnz,1065.2636
Qpawnz,1022.8756
Qpawnz,1160.4548
Qpawnz,671.5849
Qpawnz,692.8596
Qpawnz,914.9881
Qpawnz,890.1276
Qpawnz,754.2974
Qpawnz,1139.0777
Qpawnz,981.4463
Qpawnz,650.3009
Qpawnz,587.3694
Qpawnz,719.7339
Qpawnz,1008.1745
Qpawnz,1435.5036
Qpawnz,757.1547
Qpawnz,950.1621
Qpawnz,577.1902
Qpawnz,814.1512
Qpawnz,844.7918
Qpawnz,660.6941
Qpawnz,1084.6846
Qpawnz,788.6816
Qpawnz,1000.5657
Qpawnz,1112.5438
Qpawnz,1019.1607
Qpawnz,1247.3172
Qpawnz,858.7751
Qpawnz,595.4912
Qpawnz,808.6373
Qpawnz,686.0783
Qpawnz,805.9811
Qpawnz,975.0337
Qpawnz,744.5911
Qpawnz,846.9511
Qpawnz,884.6001
Qpawnz,1116.2536
Qpawnz,573.8162
Qpawnz,837.531
Qpawnz,851.685
Qpawnz,787.2214
Qpawnz,377.1026
Qpawnz,1041.5618
Qpawnz,1005.0219
Qpawnz,935.3442
Qpawnz,762.6475
Qpawnz,865.0014
Qpawnz,897.2754
Qpawnz,959.186
Qpawnz,813.1721
Qpawnz,1011.4537
Qpawnz,905.6725
Qpawnz,1062.6575
Qpawnz,852.1258
Qpawnz,1145.1816
Qpawnz,467.715
Qpawnz,1072.8449
Qpawnz,1035.0627
Qpawnz,996.3436
Qpawnz,1114.4501
Qpawnz,703.7084
Qpawnz,771.3766
Qpawnz,936.3919
Qpawnz,825.4862
Qpawnz,1182.8617
Qpawnz,931.5465
Qpawnz,842.7694
Qpawnz,592.6092
Qpawnz,949.6403
Qpawnz,1515.9475
Qpawnz,1044.7512
Qpawnz,919.8684
Qpawnz,812.8551
Qpawnz,664.288
Qpawnz,922.4048
Qpawnz,660.3911
Qpawnz,641.4025
Qpawnz,1078.2742
Qpawnz,880.638
Qpawnz,926.4438
Qpawnz,1248.7401
Qpawnz,815.9147
Qpawnz,971.1417
Qpawnz,1102.831
Qpawnz,879.4582
Qpawnz,1205.0368
Qpawnz,819.4202
Qpawnz,814.5444
Qpawnz,766.645
Qpawnz,1288.1814
Qpawnz,784.8995
Qpawnz,917.5954
Qpawnz,955.4614
Qpawnz,1077.8544
Qpawnz,748.1886
Qpawnz,697.5574
Qpawnz,934.5396
Qpawnz,615.9029
Qpawnz,916.8971
Qpawnz,1116.2775
Qpawnz,1152.4585
Qpawnz,714.8924
Qpawnz,919.7371
Qpawnz,1003.1604
Qpawnz,955.386
Qpawnz,704.9836
Qpawnz,1248.8929
Qpawnz,1171.3091
Qpawnz,724.1981
Qpawnz,1155.6632
Qpawnz,1138.8826
Qpawnz,975.8495
Qpawnz,859.1741
Qpawnz,1145.9524
Qpawnz,946.4641
Qpawnz,900.2564
Qpawnz,958.4015
Qpawnz,1102.9316
Qpawnz,707.3331
Qpawnz,1184.2291
Qpawnz,686.6807
Qpawnz,619.0172
Qpawnz,831.2829
Qpawnz,964.3428
Qpawnz,951.0265
Qpawnz,883.5861
Qpawnz,748.6382
Qpawnz,1082.3384
Qpawnz,1034.3375
Qpawnz,863.2153
Qpawnz,994.2811
Qpawnz,833.8885
Qpawnz,1023.5866
Qpawnz,1015.8381
Qpawnz,900.1082
Qpawnz,897.3851
Qpawnz,1137.3907
Qpawnz,1020.8567
Qpawnz,914.8897
Qpawnz,969.7056
Qpawnz,760.5228
Qpawnz,761.5271
Qpawnz,1173.9756
Qpawnz,855.0446
Qpawnz,860.1127
Qpawnz,867.3777
Qpawnz,937.2181
Qpawnz,942.0984
Qpawnz,896.244
Qpawnz,662.3938
Qpawnz,928.6637
Qpawnz,926.3272
Qpawnz,868.9514
Qpawnz,762.5824
Qpawnz,973.0389
Qpawnz,1003.0845
Qpawnz,833.712
Qpawnz,1124.6504
Qpawnz,1326.6058
Qpawnz,933.2284
Qpawnz,748.211
Qpawnz,1394.0188
Qpawnz,1081.5008
Qpawnz,1155.6486
Qpawnz,832.3751
Qpawnz,1028.0086
Qpawnz,709.8033
Qpawnz,977.3518
Qpawnz,739.6489
Qpawnz,1002.7983
Qpawnz,293.9672
Qpawnz,549.1181
Qpawnz,988.3597
Qpawnz,798.3556
Qpawnz,824.3778
Qpawnz,894.6004
Qpawnz,992.2161
Qpawnz,561.8149
Qpawnz,1242.0335
Qpawnz,691.9961
Qpawnz,885.3944
Qpawnz,711.9565
Qpawnz,728.2435
Qpawnz,1122.5171
Qpawnz,840.8604
Qpawnz,1253.1039
Qpawnz,1109.3784
Qpawnz,831.2574
Qpawnz,1036.6461
Qpawnz,1245.5654
Qpawnz,709.8287
Qpawnz,911.3158
Qpawnz,1172.0529
Qpawnz,547.7116
Qpawnz,753.3452
Qpawnz,953.5309
Qpawnz,1053.7855
Qpawnz,1245.4523
Qpawnz,1138.8895
Qpawnz,679.8273
Qpawnz,791.6783
Qpawnz,1241.705
Qpawnz,933.6792
Qpawnz,953.975
Qpawnz,663.0172
Qpawnz,697.8929
Qpawnz,752.7451
Qpawnz,701.258
Qpawnz,876.1302
Qpawnz,1168.6157
Qpawnz,914.5626
Qpawnz,1079.5793
Qpawnz,1188.9062
Qpawnz,957.0361
Qpawnz,853.7321
Qpawnz,769.7828
Qpawnz,955.6086
Qpawnz,956.0597
Qpawnz,948.0682
Qpawnz,1031.6191
Qpawnz,1335.0171
Qpawnz,1102.3662
Qpawnz,911.0105
Qpawnz,1149.6993
Qpawnz,1353.0945
Qpawnz,850.5301
Qpawnz,958.7412
Qpawnz,932.965
Qpawnz,795.2033
Qpawnz,849.2841
Qpawnz,956.4227
Qpawnz,925.7409
Qpawnz,888.9589
Qpawnz,531.0746
Qpawnz,948.3843
Qpawnz,1211.0874
Qpawnz,1010.5796
Qpawnz,482.5875
Qpawnz,845.5304
Qpawnz,636.0504
Qpawnz,841.4071
Qpawnz,969.5959
Qpawnz,1186.0722
Qpawnz,592.3576
Qpawnz,722.3711
Qpawnz,1219.5853
Qpawnz,1165.8117
Qpawnz,796.9842
Qpawnz,970.2676
Qpawnz,1041.7713
Qpawnz,785.3364
Qpawnz,932.7288
Qpawnz,1003.4017
Qpawnz,747.5776
Qpawnz,1035.4989
Qpawnz,692.6978
Qpawnz,667.833
Qpawnz,1011.327
Qpawnz,1069.4603
Qpawnz,728.7832
Qpawnz,1178.7589
Qpawnz,1042.5849
Qpawnz,1028.597
Qpawnz,825.4388
Qpawnz,1080.9799
Qpawnz,1027.434
Qpawnz,1128.6062
Qpawnz,582.8826
Qpawnz,834.9338
Qpawnz,990.5157
Qpawnz,1310.6552
Qpawnz,1324.7998
Qpawnz,873.1432
Qpawnz,655.0372
Qpawnz,881.4311
Qpawnz,914.702
Qpawnz,631.1664
Qpawnz,1031.221
Qpawnz,602.2941
Qpawnz,838.5299
Qpawnz,1221.595
Qpawnz,1042.203
Qpawnz,873.2126
Qpawnz,917.9631
Qpawnz,1175.3212
Qpawnz,1189.529
Qpawnz,883.9859
Qpawnz,869.201
Qpawnz,823.6333
Qpawnz,788.639
Qpawnz,1196.0025
Qpawnz,1074.288
Qpawnz,864.2609
Qpawnz,960.4237
Qpawnz,999.7795
Qpawnz,907.6941
Qpawnz,1008.6395
Qpawnz,811.3081
Qpawnz,753.341
Qpawnz,906.9018
Qpawnz,1135.5206
Qpawnz,948.2195
Qpawnz,1254.9112
Qpawnz,988.8118
Qpawnz,842.037
Qpawnz,1044.3223
Qpawnz,970.4915
Qpawnz,1156.4742
Qpawnz,897.8141
Qpawnz,909.6489
Qpawnz,820.6208
Qpawnz,885.9933
Qpawnz,644.5895
Qpawnz,843.0676
Qpawnz,816.0091
Qpawnz,777.9608
Qpawnz,1380.0563
Qpawnz,1139.4283
Qpawnz,1057.4436
Qpawnz,1015.1474
Qpawnz,1242.8872
Qpawnz,713.6496
Qpawnz,958.8021
Qpawnz,1175.2421
Qpawnz,1268.3151
Qpawnz,978.385
Qpawnz,959.5124
Qpawnz,953.8537
Qpawnz,933.4718
Qpawnz,943.0518
Qpawnz,730.8746
Qpawnz,890.291
Qpawnz,915.004
Qpawnz,785.9081
Qpawnz,735.7594
Qpawnz,850.1824
Qpawnz,1265.8107
Qpawnz,1143.9325
Qpawnz,575.341
Qpawnz,656.0151
Qpawnz,712.9875
Qpawnz,515.2018
Qpawnz,1230.437
Qpawnz,542.1784
Qpawnz,787.4487
Qpawnz,866.5465
Qpawnz,1134.9417
Qpawnz,430.6033
Qpawnz,978.175
Qpawnz,770.1634
Qpawnz,854.2399
Qpawnz,1056.341
Qpawnz,474.9934
Qpawnz,1194.3362
Qpawnz,661.6526
Qpawnz,690.8638
Qpawnz,640.8341
Qpawnz,538.6883
Qpawnz,806.7195
Qpawnz,624.7685
Qpawnz,753.5767
Qpawnz,452.4783
Qpawnz,1118.6119
Qpawnz,1040.6448
Qpawnz,1103.8344
Qpawnz,829.6102
Qpawnz,1046.1186
Qpawnz,970.412
Qpawnz,909.8958
Qpawnz,886.881
Qpawnz,564.3467
Qpawnz,736.1685
Qpawnz,969.4044
Qpawnz,656.1044
Qpawnz,754.4357
Qpawnz,916.5265
Qpawnz,798.7933
Qpawnz,1037.8207
Qpawnz,905.9535
Qpawnz,523.9668
Qpawnz,993.6455
Qpawnz,965.3975
Qpawnz,1100.0843
Qpawnz,723.8496
Qpawnz,937.9022
Qpawnz,477.9889
Qpawnz,931.169
Qpawnz,648.3043
Qpawnz,986.3918
Qpawnz,646.3195
Qpawnz,889.1447
Qpawnz,969.6666
Qpawnz,914.9084
Qpawnz,784.0176
Qpawnz,737.0259
Qpawnz,577.6105
Qpawnz,696.38
Qpawnz,949.6357
Qpawnz,961.3925
Qpawnz,909.2505
Qpawnz,982.6812
Qpawnz,1144.5075
Qpawnz,1068.2533
Qpawnz,937.3395
Qpawnz,1144.7366
Qpawnz,873.8488
Qpawnz,987.4747
Qpawnz,842.4903
Qpawnz,704.798
Qpawnz,1038.3821
Qpawnz,832.4584
Qpawnz,714.2474
Qpawnz,688.8279
Qpawnz,931.8338
Qpawnz,1015.968
Qpawnz,734.6766
Qpawnz,745.5219
Qpawnz,1195.822
Qpawnz,988.5411
Qpawnz,770.591
Qpawnz,1097.6308
Qpawnz,795.4659
Qpawnz,710.6625
Qpawnz,534.3148
Qpawnz,888.7617
Qpawnz,850.7381
Qpawnz,716.7703
Qpawnz,527.4374
Qpawnz,562.9682
Qpawnz,908.6521
Qpawnz,1283.1709
Qpawnz,735.2151
Qpawnz,883.1634
Qpawnz,915.561
Qpawnz,970.407
Qpawnz,816.0591
Qpawnz,1001.5015
Qpawnz,947.2012
Qpawnz,1266.4395
Qpawnz,953.3621
Qpawnz,717.0853
Qpawnz,504.4533
Qpawnz,904.7299
Qpawnz,930.6393
Qpawnz,682.924
Qpawnz,869.394
Qpawnz,1085.8236
Qpawnz,676.6572
Qpawnz,846.4384
Qpawnz,938.125
Qpawnz,892.1177
Qpawnz,931.3628
Qpawnz,1219.7627
Qpawnz,596.8244
Qpawnz,927.633
Qpawnz,772.9774
Qpawnz,663.5883
Qpawnz,1181.5366
Qpawnz,920.008
Qpawnz,601.0919
Qpawnz,1318.7204
Qpawnz,707.9322
Qpawnz,933.4757
Qpawnz,825.2826
Qpawnz,707.3835
Qpawnz,896.4278
Qpawnz,897.237
Qpawnz,1250.9289
Qpawnz,727.76
Qpawnz,827.3696
Qpawnz,473.2854
Qpawnz,1236.7294
Qpawnz,989.2127
Qpawnz,905.6473
Qpawnz,1039.3748
Qpawnz,1034.6714
Qpawnz,1208.2084
Qpawnz,661.8167
Qpawnz,1031.461
Qpawnz,1147.1261
Qpawnz,1021.9471
Qpawnz,996.2396
Qpawnz,602.649
Qpawnz,924.4478
Qpawnz,1266.143
Qpawnz,586.6028
Qpawnz,600.6883
Qpawnz,1344.7122
Qpawnz,551.4239
Qpawnz,1266.4281
Qpawnz,617.1798
Qpawnz,538.5013
Qpawnz,1133.4928
Qpawnz,834.6276
Qpawnz,835.4993
Qpawnz,894.2933
Qpawnz,654.2976
Qpawnz,922.1312
Qpawnz,1268.2038
Qpawnz,751.0784
Qpawnz,826.9346
Qpawnz,795.0511
Qpawnz,887.9115
Qpawnz,1003.9269
Qpawnz,831.1844
Qpawnz,962.3562
Qpawnz,1117.9606
Qpawnz,1038.737
Qpawnz,1215.4455
Qpawnz,814.2566
Qpawnz,958.1787
Qpawnz,859.7487
Qpawnz,1131.9432
Qpawnz,1169.1648
Qpawnz,972.0709
Qpawnz,839.0231
Qpawnz,868.5167
Qpawnz,1024.0496
Qpawnz,947.1742
Qpawnz,960.1196
Qpawnz,1017.8046
Qpawnz,821.0163
Qpawnz,755.6562
Qpawnz,632.7666
Qpawnz,832.203
Qpawnz,771.8619
Qpawnz,869.3645
Qpawnz,711.5433
Qpawnz,757.3629
Qpawnz,979.4026
Qpawnz,897.228
Qpawnz,529.3616
Qpawnz,906.2363
Qpawnz,711.7368
Qpawnz,1101.8193
Qpawnz,1000.4633
Qpawnz,679.0373
Qpawnz,1239.6438
Qpawnz,1140.4922
Qpawnz,675.8508
Qpawnz,1183.7279
Qpawnz,1210.348
Qpawnz,718.3927
Qpawnz,1006.9858
Qpawnz,822.7704
Qpawnz,734.6762
Qpawnz,755.099
Qpawnz,972.4336
Qpawnz,872.4342
Qpawnz,827.1548
Qpawnz,845.9505
Qpawnz,641.3284
Qpawnz,970.8691
Qpawnz,546.999
Qpawnz,962.0893
Qpawnz,1143.4327
Qpawnz,1051.9628
Qpawnz,1150.7279
Qpawnz,942.9443
Qpawnz,1022.7398
Qpawnz,1037.1827
Qpawnz,932.3966
Qpawnz,998.7358
Qpawnz,896.3179
Qpawnz,935.5326
Qpawnz,1087.651
Qpawnz,1097.1568
Qpawnz,1022.139
Qpawnz,1082.0712
Qpawnz,943.0631
Qpawnz,1313.8421
Qpawnz,723.858
Qpawnz,1113.9932
Qpawnz,724.8985
Qpawnz,914.8676
Qpawnz,1059.6094
Qpawnz,1148.0025
Qpawnz,800.641
Qpawnz,1219.838
Qpawnz,853.5487
Qpawnz,1339.8091
Qpawnz,861.6848
Qpawnz,1077.322
Qpawnz,1247.1058
Qpawnz,778.8901
Qpawnz,859.7137
Qpawnz,1046.6837
Qpawnz,655.5557
Qpawnz,901.5784
Qpawnz,573.5556
Qpawnz,1262.2686
Qpawnz,644.2256
Qpawnz,1425.5082
Qpawnz,1118.1398
Qpawnz,855.4398
Qpawnz,880.2117
Qpawnz,667.5596
Qpawnz,818.2533
Qpawnz,956.9217
Qpawnz,910.0582
Qpawnz,890.1928
Qpawnz,647.8634
Qpawnz,833.7157
Qpawnz,657.1739
Qpawnz,1148.4747
Qpawnz,522.438
Qpawnz,1010.8501
Qpawnz,842.686
Qpawnz,761.8069
Qpawnz,901.4075
Qpawnz,828.5098
Qpawnz,916.4064
Qpawnz,712.0329
Qpawnz,757.869
Qpawnz,787.0268
Qpawnz,1272.5226
Qpawnz,920.6643
Qpawnz,777.7628
Qpawnz,755.2025
Qpawnz,911.6346
Qpawnz,767.9607
Qpawnz,860.1326
Qpawnz,833.075
Qpawnz,773.0372
Qpawnz,1201.4133
Qpawnz,974.0208
Qpawnz,878.6975
Qpawnz,1056.5496
Qpawnz,802.8074
Qpawnz,598.6464
Qpawnz,1046.1836
Qpawnz,668.9326
Qpawnz,771.6798
Qpawnz,683.5348
Qpawnz,707.009
Qpawnz,895.4273
Qpawnz,1022.6088
Qpawnz,1083.0063
Qpawnz,1127.6395
Qpawnz,1068.4269
Qpawnz,456.1912
Qpawnz,1297.8226
Qpawnz,733.0574
Qpawnz,645.4963
Qpawnz,586.312
Qpawnz,721.8868
Qpawnz,1496.0295
Qpawnz,842.7524
Qpawnz,1008.8707
Qpawnz,881.1286
Qpawnz,888.4597
Qpawnz,959.4589
Qpawnz,894.8657
Qpawnz,1099.35
Qpawnz,1149.4325
Qpawnz,988.1428
Qpawnz,793.9584
Qpawnz,1059.5994
Qpawnz,877.9395
Qpawnz,517.4312
Qpawnz,792.5728
Qpawnz,786.1299
Qpawnz,1030.3077
Qpawnz,738.8891
Qpawnz,1147.111
Qpawnz,991.1003
Qpawnz,789.9098
Qpawnz,912.2253
Qpawnz,818.7167
Qpawnz,1057.0275
Qpawnz,947.7893
Qpawnz,878.7523
Qpawnz,661.5502
Qpawnz,888.9714
Qpawnz,1174.4857
Qpawnz,823.5699
Qpawnz,644.7831
Qpawnz,1026.5082
Qpawnz,853.2454
Qpawnz,1014.9407
Qpawnz,961.2839
Qpawnz,1035.9762
Qpawnz,731.051
Qpawnz,760.9201
Qpawnz,1145.1406
Qpawnz,899.6643
Qpawnz,1051.0674
Qpawnz,872.234
Qpawnz,1082.3422
Qpawnz,627.3556
Qpawnz,948.3628
Qpawnz,703.8716
Qpawnz,1199.5886
Qpawnz,1017.737
Qpawnz,922.8309
Qpawnz,467.7917
Qpawnz,1253.9061
Ember,1122.9823
Ember,1640.7942
Ember,792.4008
Ember,648.2372
Ember,1339.511
Ember,1148.9238
Ember,634.527
Ember,1150.2571
Ember,804.5778
Ember,969.4874
Ember,1053.2529
Ember,736.1436
Ember,269.6917
Ember,980.054
Ember,972.6599
Ember,1106.5225
Ember,705.1341
Ember,661.3418
Ember,602.4188
Ember,934.2796
Ember,720.9822
Ember,276.1691
Ember,172.7039
Ember,976.6294
Ember,897.4174
Ember,1004.7359
Ember,1195.1377
Ember,79.7054
Ember,1293.2715
Ember,957.9322
Ember,751.5344
Ember,839.4804
Ember,1197.8264
Ember,877.6515
Ember,566.3939
Ember,873.6662
Ember,1240.619
Ember,98.3778
Ember,913.5074
Ember,996.4146
Ember,1026.0293
Ember,805.8024
Ember,905.3624
Ember,1203.4488
Ember,513.7736
Ember,479.6606
Ember,724.9398
Ember,906.8157
Ember,1014.313
Ember,489.4326
Ember,27.7051
Ember,1362.1168
Ember,725.3354
Ember,1361.932
Ember,1350.6171
Ember,1070.5694
Ember,976.0764
Ember,1363.4958
Ember,1208.692
Ember,507.9291
Ember,479.542
Ember,461.8968
Ember,984.8292
Ember,442.6857
Ember,769.3147
Ember,990.144
Ember,921.0352
Ember,984.9678
Ember,974.7783
Ember,607.4623
Ember,1129.1281
Ember,819.305
Ember,1038.2758
Ember,1181.8783
Ember,312.4744
Ember,873.3312
Ember,767.4975
Ember,1114.6807
Ember,1036.3704
Ember,1151.1289
Ember,927.3092
Ember,936.889
Ember,918.4542
Ember,713.0694
Ember,747.723
Ember,727.3888
Ember,693.6921
Ember,1035.4428
Ember,648.663
Ember,424.8796
Ember,701.9823
Ember,973.8742
Ember,1018.6546
Ember,863.4557
Ember,1573.0639
Ember,829.4993
Ember,830.3477
Ember,817.595
Ember,1036.8708
Ember,538.9156
Ember,558.1881
Ember,391.5537
Ember,935.6942
Ember,1259.2042
Ember,846.3586
Ember,1102.0145
Ember,512.3583
Ember,1299.2022
Ember,797.1755
Ember,646.6033
Ember,677.4384
Ember,415.2248
Ember,569.1061
Ember,1277.8342
Ember,499.7316
Ember,1061.6005
Ember,1219.7405
Ember,990.7046
Ember,784.8065
Ember,442.3969
Ember,908.4154
Ember,1194.1368
Ember,905.3422
Ember,1046.1368
Ember,371.1126
Ember,1316.011
Ember,1015.6841
Ember,567.243
Ember,336.7269
Ember,859.8412
Ember,833.8212
Ember,913.8754
Ember,408.6835
Ember,765.3239
Ember,833.4929
Ember,717.5134
Ember,912.2046
Ember,1530.5559
Ember,762.3953
Ember,925.0958
Ember,1276.5567
Ember,1020.3929
Ember,1101.8438
Ember,1167.1603
Ember,821.9031
Ember,956.0541
Ember,100.3571
Ember,614.1015
Ember,685.2623
Ember,864.9672
Ember,986.5192
Ember,978.3884
Ember,976.3679
Ember,847.4412
Ember,967.5429
Ember,473.8926
Ember,758.5859
Ember,1350.4893
Ember,598.0088
Ember,663.082
Ember,528.593
Ember,415.6326
Ember,584.1635
Ember,1153.8166
Ember,1124.193
Ember,231.171
Ember,1012.6366
Ember,1087.009
Ember,557.2932
Ember,656.6874
Ember,564.561
Ember,1148.2183
Ember,638.5833
Ember,511.4092
Ember,515.7035
Ember,1075.2631
Ember,165.7904
Ember,837.6526
Ember,860.6969
Ember,687.2096
Ember,1152.0147
Ember,1022.5734
Ember,268.6112
Ember,381.4188
Ember,524.0745
Ember,1251.3959
Ember,414.4431
Ember,212.9455
Ember,900.3335
Ember,746.8106
Ember,586.9674
Ember,489.6688
Ember,425.5993
Ember,1180.8155
Ember,858.0009
Ember,691.8395
Ember,631.3055
Ember,859.8003
Ember,1298.8064
Ember,805.686
Ember,677.8295
Ember,830.1624
Ember,737.2475
Ember,1036.4925
Ember,573.97260000000006
Ember,1170.3604
Ember,1660.0574
Ember,595.1754
Ember,569.8652
Ember,709.1288
Ember,1282.6464
Ember,352.0569
Ember,1337.7497
Ember,1014.1152
Ember,892.5614
Ember,72.8715
Ember,596.5266
Ember,931.0767
Ember,1155.9048
Ember,748.3569
Ember,677.1803
Ember,871.2903
Ember,526.8887
Ember,1044.4658
Ember,911.6711
Ember,330.4508
Ember,901.4695
Ember,789.9322
Ember,1096.883
Ember,760.7958
Ember,891.4519
Ember,272.5129
Ember,1235.3782
Ember,1051.9268
Ember,736.4467
Ember,1076.2452
Ember,880.2013
Ember,977.52
Ember,802.5107
Ember,790.6331
Ember,463.48
Ember,607.032
Ember,927.3294
Ember,533.3215
Ember,1263.8234
Ember,788.6016
Ember,1102.5501
Ember,1280.345
Ember,840.0721
Ember,1018.8865
Ember,1181.5174
Ember,1385.0681
Ember,765.8105
Ember,786.688
Ember,1222.1239
Ember,1066.5436
Ember,379.6258
Ember,417.4143
Ember,503.2359
Ember,462.5546
Ember,664.5386
Ember,1016.4767
Ember,553.2816
Ember,571.9373
Ember,504.1943
Ember,1156.0766
Ember,589.7686
Ember,868.9944
Ember,627.6609
Ember,1475.6809
Ember,547.9011
Ember,1080.7458
Ember,1118.8146
Ember,1014.7214
Ember,1131.6751
Ember,538.3
Ember,1193.5319
Ember,506.4752
Ember,653.5031
Ember,1068.3777
Ember,604.9486
Ember,648.1887
Ember,706.3564
Ember,665.9241
Ember,639.3145
Ember,1322.1782
Ember,651.9737
Ember,1105.2594
Ember,600.2016
Ember,637.9176
Ember,492.2321
Ember,1500.7435
Ember,1458.7907
Ember,615.7048
Ember,737.7014
Ember,578.9722
Ember,1063.7957
Ember,753.2808
Ember,1003.3473
Ember,1002.5613
Ember,593.1934
Ember,1032.587
Ember,656.7718
Ember,993.3888
Ember,231.3735
Ember,853.6095
Ember,400.9096
Ember,720.6242
Ember,1560.9449
Ember,934.7941
Ember,824.3907
Ember,1062.4693
Ember,996.3214
Ember,659.3562
Ember,1013.8642
Ember,863.2293
Ember,1211.3872
Ember,347.5637
Ember,327.6007
Ember,822.3605
Ember,938.2582
Ember,1137.6238
Ember,1178.5421
Ember,1771.1598
Ember,1002.0683
Ember,428.9701
Ember,774.4178
Ember,1084.2637
Ember,1380.6718
Ember,738.5727
Ember,1015.0763
Ember,669.8042
Ember,615.0432
Ember,1029.0914
Ember,1116.334
Ember,928.0903
Ember,1219.5371
Ember,1184.6243
Ember,1054.3161
Ember,1008.2187
Ember,740.8916
Ember,637.807
Ember,385.1497
Ember,443.5824
Ember,678.0234
Ember,652.1619
Ember,389.285
Ember,1468.4236
Ember,701.4111
Ember,544.9936
Ember,482.2337
Ember,1150.9351
Ember,1175.3834
Ember,792.8363
Ember,684.4562
Ember,949.338
Ember,1079.0314
Ember,719.837
Ember,1114.0654
Ember,1015.8299
Ember,959.5144
Ember,999.1061
Ember,976.2359
Ember,954.667
Ember,1177.2331
Ember,607.6453
Ember,934.7073
Ember,865.7871
Ember,1528.6365
Ember,787.2579
Ember,1284.2435
Ember,1121.7675
Ember,506.3567
Ember,1350.9959
Ember,256.9924
Ember,681.9451
Ember,804.9512
Ember,1047.5857
Ember,1133.188
Ember,835.2985
Ember,795.3354
Ember,962.3892
Ember,798.9295
Ember,733.1684
Ember,704.615
Ember,948.9795
Ember,1144.5372
Ember,759.2507
Ember,889.6758
Ember,632.82
Ember,1183.4218
Ember,472.5508
Ember,1705.0487
Ember,583.5079
Ember,753.6088
Ember,665.0101
Ember,531.4691
Ember,975.5695
Ember,783.2006
Ember,455.9903
Ember,578.3976
Ember,355.8082
Ember,1089.2907
Ember,734.715
Ember,698.143
Ember,769.2551
Ember,784.1926
Ember,570.3722
Ember,449.3139
Ember,628.9433
Ember,0
Ember,1341.2276
Ember,429.2102
Ember,625.3269
Ember,147.1981
Ember,716.4087
Ember,1162.3162
Ember,423.2992
Ember,562.2812
Ember,937.9368
Ember,878.391
Ember,644.5532
Ember,827.9098
Ember,10.3061
Ember,555.6833
Ember,512.0249
Ember,527.6116
Ember,583.7484
Ember,605.9033
Ember,751.5274
Ember,1236.2304
Ember,786.0473
Ember,489.7785
Ember,589.5755
Ember,1288.9844
Ember,666.8368
Ember,670.4731
Ember,668.9258
Ember,1213.1515
Ember,1003.6666
Ember,867.8389
Ember,919.4506
Ember,799.8461
Ember,411.597
Ember,939.6159
Ember,949.3597
Ember,980.5576
Ember,1020.5196
Ember,982.4395
Ember,543.4858
Ember,787.1763
Ember,206.9719
Ember,1035.9909
Ember,1060.8623
Ember,828.7496
Ember,765.6345
Ember,834.3484
Ember,703.9137
Ember,956.6121
Ember,956.1261
Ember,610.1518
Ember,501.0504
Ember,1382.2058
Ember,1037.967
Ember,1280.5658
Ember,727.9905
Ember,1443.1303
Ember,328.2265
Ember,892.5977
Ember,965.1129
Ember,683.7963
Ember,920.1397
Ember,1157.8596
Ember,1164.4178
Ember,1216.5746
Ember,316.9524
Ember,402.7217
Ember,967.6912
Ember,684.0489
Ember,540.3141
Ember,732.3518
Ember,878.4722
Ember,933.2375
Ember,353.727
Ember,771.7224
Ember,650.7089
Ember,1008.919
Ember,966.5594
Ember,914.7473
Ember,836.2296
Ember,841.5792
Ember,607.7382
Ember,697.6719
Ember,436.666
Ember,639.6812
Ember,825.668
Ember,907.7785
Ember,224.103
Ember,843.1345
Ember,970.6254
Ember,1133.7319
Ember,789.6759
Ember,889.3827
Ember,590.3031
Ember,415.7164
Ember,742.8999
Ember,243.2113
Ember,680.853
Ember,447.4828
Ember,1348.5354
Ember,755.7907
Ember,348.547
Ember,1095.741
Ember,1022.5502
Ember,80.4154
Ember,260.5448
Ember,974.7041
Ember,1163.2479
Ember,1157.5897
Ember,1126.9064
Ember,767.2629
Ember,1453.6113
Ember,643.4923
Ember,349.4254
Ember,1122.2514
Ember,770.3171
Ember,625.7316
Ember,1379.4275
Ember,1436.8168
Ember,809.507
Ember,859.464
Ember,1053.3608
Ember,1251.3975
Ember,1068.096
Ember,1202.7389
Ember,1250.3868
Ember,334.8465
Ember,610.695
Ember,772.0764
Ember,476.3954
Ember,991.5617
Ember,1042.9185
Ember,836.506
Ember,915.7977
Ember,836.8822
Ember,705.7996
Ember,676.5149
Ember,743.1275
Ember,320.9195
Ember,1222.5912
Ember,366.321
Ember,883.7539
Ember,1278.491
Ember,1392.2455
Ember,1061.5853
Ember,1162.3207
Ember,1416.4565
Ember,749.8772
Ember,1046.9465
Ember,803.1327
Ember,770.9648
Ember,759.3638
Ember,796.5264
Ember,677.0898
Ember,774.9768
Ember,783.6344
Ember,574.9925
Ember,1129.2166
Ember,909.1576
Ember,1246.0096
Ember,1142.4284
Ember,918.6188
Ember,1372.0904
Ember,742.2542
Ember,834.9593
Ember,1061.8557
Ember,1001.2838
Ember,1135.3287
Ember,827.6815
Ember,779.0888
Ember,817.5213
Ember,745.9385
Ember,378.169
Ember,1180.9625
Ember,1359.0492
Ember,772.3237
Ember,827.3309
Ember,443.5178
Ember,536.9347
Ember,857.4071
Ember,643.5978
Ember,353.6762
Ember,509.6083
Ember,1228.1625
Ember,555.9951
Ember,942.971
Ember,557.5944
Ember,648.6558
Ember,699.848
Ember,1083.6779
Ember,788.7117
Ember,811.1198
Ember,942.3513
Ember,430.3211
Ember,1001.3468
Ember,1196.3391
Ember,229.8931
Ember,816.7798
Ember,982.6101
Ember,1245.6138
Ember,1232.59
Ember,734.7386
Ember,416.0346
Ember,590.3002
Ember,731.6061
Ember,1123.7426
Ember,279.4746
Ember,535.296
Ember,1479.0157
Ember,948.9119
Ember,700.2567
Ember,515.4927
Ember,885.6757
Ember,721.2055
Ember,905.3757
Ember,487.7135
Ember,1589.0622
Ember,1077.7077
Ember,938.3145
Ember,971.5419
Ember,1040.746
Ember,716.4806
Ember,1137.6842
Ember,1252.0636
Ember,175.8971
Ember,584.5618
Ember,1083.5158
Ember,1046.5053
Ember,858.5232
Ember,1136.1947
Ember,849.365
Ember,908.7691
Ember,897.4004
Ember,533.2946
Ember,868.4944
Ember,516.0633
Ember,649.8442
Ember,528.0831
Ember,753.5992
Ember,923.0468
Ember,802.6665
Ember,714.1654
Ember,725.7417
Ember,1562.3162
Ember,234.6589
Ember,806.1401
Ember,838.1242
Ember,1368.2649
Ember,817.5855
Ember,808.2799
Ember,876.8866
Ember,1175.2489
Ember,655.5645
Ember,667.4638
Ember,878.6253
Ember,1168.7053
Ember,422.5152
Ember,197.4711
Ember,549.0108
Ember,435.9108
Ember,618.7739
Ember,608.0254
Ember,744.4648
Ember,502.6891
Ember,605.0616
Ember,1322.8298
Ember,1236.3127
Ember,529.8693
Ember,434.5612
Ember,1226.6059
Ember,1388.2909
Ember,681.9003
Ember,1207.904
Ember,681.8439
Ember,1602.3367
Ember,1398.4475
Ember,1180.8852
Ember,446.1662
Ember,946.3047
Ember,811.8557
Ember,525.9678
Ember,52.9106
Ember,1033.4521
Ember,1281.1417
Ember,1146.9451
Ember,1138.8677
Ember,713.2896
Ember,755.2778
Ember,1039.0323
Ember,839.0678
Ember,832.3973
Ember,948.6593
Ember,836.7963
Ember,1204.3137
Ember,638.1178
Ember,1602.8683
Ember,860.967
Ember,260.0426
Ember,808.943
Ember,1063.1202
Ember,782.436
Ember,647.9352
Ember,300.6428
Ember,640.2121
Ember,396.2471
Ember,351.2366
Ember,1060.1533
Ember,708.0693
Ember,258.735
Ember,681.7001
Ember,761.6159
Ember,550.6238
Ember,927.7111
Ember,881.3566
Ember,822.7353
Ember,1028.7148
Ember,918.3158
Ember,557.243
Ember,773.6518
Ember,648.97
Ember,247.5171
Ember,1097.372
Ember,1020.7608
Ember,777.1008
Ember,839.4372
Ember,941.097
Ember,519.4899
Ember,1091.2684
Ember,244.9659
Ember,1082.6179
Ember,1184.5211
Ember,1270.6623
Ember,1135.7691
Ember,1366.1437
Ember,971.7442
Ember,921.9115
Ember,411.7036
Ember,899.8718
Ember,649.4124
Ember,682.3197
Ember,1053.3147
Ember,391.253
Ember,921.5237
Ember,857.146
Ember,604.5064
Ember,563.7869
Ember,786.2631
Ember,622.7842
Ember,252.1694
Ember,946.1972
Ember,820.4871
Ember,1070.1542
Ember,626.9789
Ember,308.7895
Ember,858.0491
Ember,806.1131
Ember,301.7414
Ember,704.1327
Ember,851.9698
Ember,1008.2616
Ember,637.1325
Ember,517.8488
Ember,406.5719
Ember,376.0866
Ember,1191.1684
Ember,384.565
Ember,405.3698
Ember,1092.5818
Ember,845.9167
Ember,1139.0085
Ember,1052.3496
Ember,617.0613
Ember,1104.0192
Ember,1217.2992
Ember,1526.1983
Ember,754.4439
Ember,245.5018
Ember,1214.5163
Ember,1243.2385
Ember,590.0858
Ember,588.1338
Ember,1266.5304
Ember,405.363
Ember,615.7103
Ember,1053.7223
Ember,1229.418
Ember,1052.453
Ember,734.981
Ember,976.6921
Ember,534.3046
Ember,1094.0902
Ember,692.374
Ember,739.8312
Ember,849.578
Ember,765.615
Ember,1302.9322
Ember,912.7556
Ember,578.1781
Ember,1169.677
Ember,672.2384
Ember,1006.6742
Ember,804.7651
Ember,992.8109
Ember,692.9358
Ember,995.2894
Ember,904.1605
Ember,1189.3865
Ember,1126.9229
Ember,570.6724
Ember,784.8716
Ember,734.517
Ember,651.1474
Ember,626.1451
Ember,1548.0155
Ember,1417.9166
Ember,1036.2164
Ember,842.4526
Ember,602.891
Ember,1361.0995
Ember,1284.9469
Ember,807.3992
Ember,793.9284
Ember,793.4538
Ember,730.7741
Ember,795.662
Ember,981.8948
Ember,14.943
Ember,688.8185
Ember,702.5842
Ember,657.1735
Ember,1173.5331
Ember,477.9901
Ember,894.667
Ember,807.2285
Ember,827.8493
Ember,665.3589
Ember,1093.1055
Ember,742.0359
Ember,885.3265
Ember,833.9131
Ember,437.5455
Ember,1176.3326
Ember,727.6395
Ember,864.6367
Ember,758.6159
Ember,373.609
Ember,521.0718
Ember,1162.7959
Ember,1001.5802
Ember,371.1864
Ember,935.2831
Ember,460.0705
Ember,495.5273
Ember,880.52
Ember,432.0404
Ember,489.2679
Ember,900.227
Ember,496.0601
Ember,585.5686
Ember,928.2783
Ember,1141.8032
Ember,632.091
Ember,518.6459
Ember,1082.9594
Ember,471.6344
Ember,510.6061
Ember,1103.1058
Ember,705.8196
Ember,730.6974
Ember,787.8406
Ember,1132.7122
Ember,734.308
Ember,831.2504
Ember,753.9837
Ember,488.2429
Ember,961.1273
Ember,497.9758
Ember,302.597
Ember,1091.4045
Ember,420.5204
Ember,453.5643
Ember,1446.3452
Ember,891.715
Ember,913.7369
Ember,485.6608
Ember,1038.0155
Ember,1205.54
Ember,513.5262
Ember,571.5177
Ember,803.3842
Ember,245.2317
Ember,1030.6342
Ember,601.394
Ember,647.2978
Ember,901.9415
Ember,1189.5343
Ember,1205.1724
Ember,1383.9421
Ember,689.8776
Ember,1325.4462
Ember,717.7361
Ember,968.289
Ember,856.2363
Ember,1232.5941
Ember,545.1615
Ember,383.6953
Ember,950.0361
Ember,1364.0622
Ember,1015.6824
Ember,1045.3758
Ember,379.1569
Ember,769.0122
Ember,784.6434
Ember,817.3059
Ember,749.8328
Ember,853.6434
Ember,372.76
Ember,834.9459
Ember,1311.3871
Ember,1247.3241
Ember,1356.677
Ember,379.3119
Ember,942.6912
Ember,841.0918
Ember,895.4972
Ember,1021.6271
Ember,798.3816
Ember,648.8861
Ember,1123.2573
Ember,783.0925
Ember,1852.1047
Ember,623.09
Ember,680.8481
Ember,1200.5863
Ember,363.8889
Ember,694.3211
Ember,860.0653
Ember,1297.1909
Ember,804.5122
Ember,857.1007
Ember,1273.6909
Ember,967.5163
Ember,820.4535
Ember,0
Ember,1219.4893
Ember,940.4382
Ember,627.6765
Ember,1005.8952
Ember,674.737
Ember,1112.9549
Ember,1714.1739
Ember,1125.1851
Ember,654.7641
Ember,728.9424
Ember,1024.8789
Ember,1158.2378
Ember,832.5491
Ember,831.5409
Ember,417.6944
Ember,378.8938
Ember,1065.532
Ember,429.0464
Ember,476.4285
Ember,1207.4209
Ember,337.8573
Ember,1296.4322
Ember,86.0458
Ember,583.8751
Ember,1054.5116
Ember,912.0544
Ember,1019.6265
Ember,860.3837
Ember,421.2693
Ember,810.1761
Ember,1109.5251
Ember,1016.8226
Ember,763.5036
Ember,803.7108
Ember,1203.9128
Ember,917.6511
Ember,1156.5779
Ember,1332.3082
Ember,854.8162
Ember,621.1027
Ember,1012.9868
Ember,909.7476
Ember,662.5356
Ember,868.6108
Ember,376.857
Ember,976.9047
